{"type":"FeatureCollection","features":[{"type":"Feature","geometry":{"type":"Point","coordinates":[8.5792,47.36267]},"properties":{"nummer":"723","name":"unterhalb Elefantenbach","wasserart":"Quellwasser"}},{"type":"Feature","geometry":{"type":"Point","coordinates":[8.54105,47.36951]},"properties":{"nummer":"519","name":"im Durchgang Stadthaus u. Kirche","wasserart":"Quellwasser"}},{"type":"Feature","geometry":{"type":"Point","coordinates":[8.52276,47.36855]},"properties":{"nummer":"987","name":"Spielplatz","wasserart":"Züriwasser"}},{"type":"Feature","geometry":{"type":"Point","coordinates":[8.52616,47.36792]},"properties":{"nummer":"199.2","name":null,"wasserart":"Züriwasser"}},{"type":"Feature","geometry":{"type":"Point","coordinates":[8.52512,47.36724]},"properties":{"nummer":"199.3","name":null,"wasserart":"Züriwasser"}},{"type":"Feature","geometry":{"type":"Point","coordinates":[8.53059,47.35774]},"properties":{"nummer":"534","name":"Rieterpark","wasserart":"Züriwasser"}},{"type":"Feature","geometry":{"type":"Point","coordinates":[8.53444,47.38309]},"properties":{"nummer":"580.1","name":"Schulhaus Limmat, Im Hofe","wasserart":"Quellwasser"}},{"type":"Feature","geometry":{"type":"Point","coordinates":[8.53097,47.37856]},"properties":{"nummer":"1093","name":"Berufsschule","wasserart":"Quellwasser"}},{"type":"Feature","geometry":{"type":"Point","coordinates":[8.48079,47.38873]},"properties":{"nummer":"911","name":"Städelihaus, Ortsmuseum","wasserart":"Züriwasser"}},{"type":"Feature","geometry":{"type":"Point","coordinates":[8.48728,47.36093]},"properties":{"nummer":"713","name":"Spielwiese Uetliberg","wasserart":"Quellwasser"}},{"type":"Feature","geometry":{"type":"Point","coordinates":[8.49281,47.39468]},"properties":{"nummer":"1048","name":"bei Verteilanlage, Wasserschloss","wasserart":"Züriwasser"}},{"type":"Feature","geometry":{"type":"Point","coordinates":[8.49637,47.39561]},"properties":{"nummer":"1049","name":"hinter Hardhof 44","wasserart":"Züriwasser"}},{"type":"Feature","geometry":{"type":"Point","coordinates":[8.51396,47.40313]},"properties":{"nummer":"1046","name":"Reservoir Waidberg","wasserart":"Züriwasser"}},{"type":"Feature","geometry":{"type":"Point","coordinates":[8.52021,47.40096]},"properties":{"nummer":"1082","name":"bei Quellwasserfilter Gubel","wasserart":"Züriwasser"}},{"type":"Feature","geometry":{"type":"Point","coordinates":[8.52204,47.40322]},"properties":{"nummer":"701","name":"Waldweiher Käferberg","wasserart":"Züriwasser"}},{"type":"Feature","geometry":{"type":"Point","coordinates":[8.52262,47.4075]},"properties":{"nummer":"642","name":"Im Käferbergwald","wasserart":"Züriwasser"}},{"type":"Feature","geometry":{"type":"Point","coordinates":[8.50366,47.39421]},"properties":{"nummer":"1014.2","name":"Tramstation Hardturm, Trinkbrunnen","wasserart":"Züriwasser"}},{"type":"Feature","geometry":{"type":"Point","coordinates":[8.52198,47.39966]},"properties":{"nummer":"693","name":"Spielplatz","wasserart":"Quellwasser"}},{"type":"Feature","geometry":{"type":"Point","coordinates":[8.52961,47.39968]},"properties":{"nummer":"1026","name":"unterer Spielplatz","wasserart":"Züriwasser"}},{"type":"Feature","geometry":{"type":"Point","coordinates":[8.50003,47.39741]},"properties":{"nummer":"1050","name":"oberhalb Europabrücke","wasserart":"Züriwasser"}},{"type":"Feature","geometry":{"type":"Point","coordinates":[8.57367,47.39848]},"properties":{"nummer":"1059","name":"beim Spielplatz","wasserart":"Züriwasser"}},{"type":"Feature","geometry":{"type":"Point","coordinates":[8.57015,47.38359]},"properties":{"nummer":"706","name":"Reservoir Orelli","wasserart":"Züriwasser"}},{"type":"Feature","geometry":{"type":"Point","coordinates":[8.59822,47.37348]},"properties":{"nummer":"711","name":"Herrenbrünneli","wasserart":"Quellwasser"}},{"type":"Feature","geometry":{"type":"Point","coordinates":[8.58301,47.35294]},"properties":{"nummer":"710","name":"unterhalb Schützenhaus","wasserart":"Quellwasser"}},{"type":"Feature","geometry":{"type":"Point","coordinates":[8.49938,47.34617]},"properties":{"nummer":"719","name":"unterhalb Annaburg","wasserart":"Züriwasser"}},{"type":"Feature","geometry":{"type":"Point","coordinates":[8.50738,47.35523]},"properties":{"nummer":"997","name":"Reservoir Frauental","wasserart":"Züriwasser"}},{"type":"Feature","geometry":{"type":"Point","coordinates":[8.53721,47.33813]},"properties":{"nummer":"778","name":"Ortsmuseum, Haus Sasella","wasserart":"Quellwasser"}},{"type":"Feature","geometry":{"type":"Point","coordinates":[8.52463,47.32917]},"properties":{"nummer":"716","name":null,"wasserart":"Quellwasser"}},{"type":"Feature","geometry":{"type":"Point","coordinates":[8.56837,47.40072]},"properties":{"nummer":"721","name":null,"wasserart":"Quellwasser"}},{"type":"Feature","geometry":{"type":"Point","coordinates":[8.54111,47.38514]},"properties":{"nummer":"587.3","name":"Trinkbrunnen","wasserart":"Quellwasser"}},{"type":"Feature","geometry":{"type":"Point","coordinates":[8.59303,47.37779]},"properties":{"nummer":"961","name":"Pfeil Richtung Gockhausen","wasserart":"Züriwasser"}},{"type":"Feature","geometry":{"type":"Point","coordinates":[8.50739,47.32493]},"properties":{"nummer":"1056","name":"Reservoir Leimbach","wasserart":"Quellwasser"}},{"type":"Feature","geometry":{"type":"Point","coordinates":[8.59119,47.3742]},"properties":{"nummer":"707","name":"Försterbrunnen","wasserart":"Züriwasser"}},{"type":"Feature","geometry":{"type":"Point","coordinates":[8.4932,47.36191]},"properties":{"nummer":"1246","name":null,"wasserart":"Quellwasser"}},{"type":"Feature","geometry":{"type":"Point","coordinates":[8.5252,47.3686]},"properties":{"nummer":"199.1","name":null,"wasserart":"Züriwasser"}},{"type":"Feature","geometry":{"type":"Point","coordinates":[8.49029,47.39556]},"properties":{"nummer":"1025","name":"bei Alterssiedlung Grünau","wasserart":"Züriwasser"}},{"type":"Feature","geometry":{"type":"Point","coordinates":[8.48812,47.39837]},"properties":{"nummer":"1047","name":"bei Pumpwerk Fischerweg","wasserart":"Züriwasser"}},{"type":"Feature","geometry":{"type":"Point","coordinates":[8.50088,47.39423]},"properties":{"nummer":"1051","name":"oberhalb Anreicherungsbecken 2","wasserart":"Züriwasser"}},{"type":"Feature","geometry":{"type":"Point","coordinates":[8.55841,47.38205]},"properties":{"nummer":"1154","name":"ehemaliges Reservoir Schlössli","wasserart":"Züriwasser"}},{"type":"Feature","geometry":{"type":"Point","coordinates":[8.52432,47.36805]},"properties":{"nummer":"199.4","name":null,"wasserart":"Züriwasser"}},{"type":"Feature","geometry":{"type":"Point","coordinates":[8.54644,47.37026]},"properties":{"nummer":"526","name":"Villa Tobler","wasserart":"Quellwasser"}},{"type":"Feature","geometry":{"type":"Point","coordinates":[8.5401,47.40098]},"properties":{"nummer":"593.2","name":"Sportplatz Steinkluppe","wasserart":"Züriwasser"}},{"type":"Feature","geometry":{"type":"Point","coordinates":[8.54061,47.40116]},"properties":{"nummer":"593.1","name":"Sportplatz Steinkluppe","wasserart":"Züriwasser"}},{"type":"Feature","geometry":{"type":"Point","coordinates":[8.52626,47.35065]},"properties":{"nummer":"692","name":"Restaurant","wasserart":"Züriwasser"}},{"type":"Feature","geometry":{"type":"Point","coordinates":[8.54662,47.42341]},"properties":{"nummer":"916","name":"beim Tennisplatz","wasserart":"Züriwasser"}},{"type":"Feature","geometry":{"type":"Point","coordinates":[8.52478,47.40277]},"properties":{"nummer":"976","name":"bei Reservoir","wasserart":"Züriwasser"}},{"type":"Feature","geometry":{"type":"Point","coordinates":[8.53348,47.38343]},"properties":{"nummer":"580.2","name":"Schulhaus Limmat, Im Hofe","wasserart":"Quellwasser"}},{"type":"Feature","geometry":{"type":"Point","coordinates":[8.50369,47.39417]},"properties":{"nummer":"1014.1","name":"Tramstation Hardturm","wasserart":"Züriwasser"}},{"type":"Feature","geometry":{"type":"Point","coordinates":[8.54046,47.37551]},"properties":{"nummer":"1249.1","name":"Amtshaus V","wasserart":"Züriwasser"}},{"type":"Feature","geometry":{"type":"Point","coordinates":[8.51796,47.39984]},"properties":{"nummer":"1075","name":"oberhalb Stadtspital Waid","wasserart":"Züriwasser"}},{"type":"Feature","geometry":{"type":"Point","coordinates":[8.51232,47.38176]},"properties":{"nummer":"1250","name":"Berufswahlschule Hardau","wasserart":"Züriwasser"}},{"type":"Feature","geometry":{"type":"Point","coordinates":[8.48965,47.39928]},"properties":{"nummer":"1133","name":null,"wasserart":"Züriwasser"}},{"type":"Feature","geometry":{"type":"Point","coordinates":[8.49642,47.39825]},"properties":{"nummer":"1024","name":"Nordseite, Röhrenbrunnen","wasserart":"Züriwasser"}},{"type":"Feature","geometry":{"type":"Point","coordinates":[8.54678,47.36994]},"properties":{"nummer":"1203","name":"Villa Tobler","wasserart":"Quellwasser"}},{"type":"Feature","geometry":{"type":"Point","coordinates":[8.54639,47.37024]},"properties":{"nummer":"1204","name":"Villa Tobler","wasserart":"Quellwasser"}},{"type":"Feature","geometry":{"type":"Point","coordinates":[8.53999,47.37717]},"properties":{"nummer":"1230","name":"Bahnhofpassage 1","wasserart":"Züriwasser"}},{"type":"Feature","geometry":{"type":"Point","coordinates":[8.53936,47.36528]},"properties":{"nummer":"1254","name":"Wasserkugel","wasserart":"Züriwasser"}},{"type":"Feature","geometry":{"type":"Point","coordinates":[8.53135,47.42211]},"properties":{"nummer":"718","name":"hinter Friedhof Schwandenholz","wasserart":"Züriwasser"}},{"type":"Feature","geometry":{"type":"Point","coordinates":[8.49735,47.36623]},"properties":{"nummer":"1288","name":"Eingang Stadtspital Triemli","wasserart":"Quellwasser"}},{"type":"Feature","geometry":{"type":"Point","coordinates":[8.51269,47.3882]},"properties":{"nummer":"1290","name":null,"wasserart":"Quellwasser"}},{"type":"Feature","geometry":{"type":"Point","coordinates":[8.581,47.366]},"properties":{"nummer":"712","name":"bei Hütte","wasserart":"Züriwasser"}},{"type":"Feature","geometry":{"type":"Point","coordinates":[8.53678,47.38651]},"properties":{"nummer":"1121","name":"Schindlerpark","wasserart":"Quellwasser"}},{"type":"Feature","geometry":{"type":"Point","coordinates":[8.56906,47.35864]},"properties":{"nummer":"973","name":"unterhalb Forchstrasse","wasserart":"Züriwasser"}},{"type":"Feature","geometry":{"type":"Point","coordinates":[8.49417,47.36377]},"properties":{"nummer":"1092","name":"bei Filter Triemli","wasserart":"Züriwasser"}},{"type":"Feature","geometry":{"type":"Point","coordinates":[8.54632,47.37197]},"properties":{"nummer":"741","name":"hinter Obergericht","wasserart":"Quellwasser"}},{"type":"Feature","geometry":{"type":"Point","coordinates":[8.59925,47.36975]},"properties":{"nummer":"510","name":"Aussichtsturm","wasserart":"Züriwasser"}},{"type":"Feature","geometry":{"type":"Point","coordinates":[8.59081,47.36929]},"properties":{"nummer":"349","name":"Steinbrunnen","wasserart":"Züriwasser"}},{"type":"Feature","geometry":{"type":"Point","coordinates":[8.56011,47.3652]},"properties":{"nummer":"317","name":null,"wasserart":"Quellwasser"}},{"type":"Feature","geometry":{"type":"Point","coordinates":[8.56222,47.36512]},"properties":{"nummer":"329","name":null,"wasserart":"Quellwasser"}},{"type":"Feature","geometry":{"type":"Point","coordinates":[8.5603,47.36699]},"properties":{"nummer":"327","name":null,"wasserart":"Quellwasser"}},{"type":"Feature","geometry":{"type":"Point","coordinates":[8.55589,47.36954]},"properties":{"nummer":"313","name":null,"wasserart":"Quellwasser"}},{"type":"Feature","geometry":{"type":"Point","coordinates":[8.56028,47.3684]},"properties":{"nummer":"360","name":null,"wasserart":"Quellwasser"}},{"type":"Feature","geometry":{"type":"Point","coordinates":[8.56577,47.36725]},"properties":{"nummer":"343","name":null,"wasserart":"Züriwasser"}},{"type":"Feature","geometry":{"type":"Point","coordinates":[8.55857,47.36682]},"properties":{"nummer":"359","name":null,"wasserart":"Quellwasser"}},{"type":"Feature","geometry":{"type":"Point","coordinates":[8.56686,47.36866]},"properties":{"nummer":"358","name":null,"wasserart":"Züriwasser"}},{"type":"Feature","geometry":{"type":"Point","coordinates":[8.54463,47.36851]},"properties":{"nummer":"2","name":"Hechtplatzbrunnen","wasserart":"Quellwasser"}},{"type":"Feature","geometry":{"type":"Point","coordinates":[8.54766,47.36611]},"properties":{"nummer":"26","name":"Fontäne Stadelhofen","wasserart":"Züriwasser"}},{"type":"Feature","geometry":{"type":"Point","coordinates":[8.54381,47.37047]},"properties":{"nummer":"22","name":null,"wasserart":"Quellwasser"}},{"type":"Feature","geometry":{"type":"Point","coordinates":[8.54309,47.37105]},"properties":{"nummer":"4","name":"Fischmarkt-, Samsonbrunnen","wasserart":"Quellwasser"}},{"type":"Feature","geometry":{"type":"Point","coordinates":[8.50528,47.36915]},"properties":{"nummer":"208","name":"Tramschleife Heuried","wasserart":"Züriwasser"}},{"type":"Feature","geometry":{"type":"Point","coordinates":[8.52037,47.37123]},"properties":{"nummer":"172","name":null,"wasserart":"Quellwasser"}},{"type":"Feature","geometry":{"type":"Point","coordinates":[8.52055,47.37002]},"properties":{"nummer":"1167","name":"Schmiede Wiedikon","wasserart":"Quellwasser"}},{"type":"Feature","geometry":{"type":"Point","coordinates":[8.5178,47.3706]},"properties":{"nummer":"171","name":null,"wasserart":"Züriwasser"}},{"type":"Feature","geometry":{"type":"Point","coordinates":[8.51757,47.36934]},"properties":{"nummer":"178","name":null,"wasserart":"Quellwasser"}},{"type":"Feature","geometry":{"type":"Point","coordinates":[8.51719,47.36834]},"properties":{"nummer":"183","name":null,"wasserart":"Quellwasser"}},{"type":"Feature","geometry":{"type":"Point","coordinates":[8.51354,47.3701]},"properties":{"nummer":"211","name":"Goldbrunnenplatz","wasserart":"Quellwasser"}},{"type":"Feature","geometry":{"type":"Point","coordinates":[8.5301,47.3713]},"properties":{"nummer":"240","name":null,"wasserart":"Züriwasser"}},{"type":"Feature","geometry":{"type":"Point","coordinates":[8.52807,47.37123]},"properties":{"nummer":"214.1","name":"Trinkbrunnen","wasserart":"Quellwasser"}},{"type":"Feature","geometry":{"type":"Point","coordinates":[8.49574,47.36799]},"properties":{"nummer":"506","name":"Tramhaltestelle","wasserart":"Züriwasser"}},{"type":"Feature","geometry":{"type":"Point","coordinates":[8.49545,47.36759]},"properties":{"nummer":"426","name":null,"wasserart":"Quellwasser"}},{"type":"Feature","geometry":{"type":"Point","coordinates":[8.53431,47.3687]},"properties":{"nummer":"151","name":null,"wasserart":"Züriwasser"}},{"type":"Feature","geometry":{"type":"Point","coordinates":[8.53206,47.36956]},"properties":{"nummer":"21","name":null,"wasserart":"Züriwasser"}},{"type":"Feature","geometry":{"type":"Point","coordinates":[8.54155,47.3696]},"properties":{"nummer":"1090","name":"Fraumünsterdurchgang","wasserart":"Quellwasser"}},{"type":"Feature","geometry":{"type":"Point","coordinates":[8.53941,47.37007]},"properties":{"nummer":"3","name":"Junobrunnen beim Paradeplatz","wasserart":"Quellwasser"}},{"type":"Feature","geometry":{"type":"Point","coordinates":[8.52365,47.36707]},"properties":{"nummer":"198","name":"beim Kiosk (Anlagage Sihlhölzli)","wasserart":"Züriwasser"}},{"type":"Feature","geometry":{"type":"Point","coordinates":[8.53783,47.36462]},"properties":{"nummer":"125","name":"Mosaikbrunnen","wasserart":"Züriwasser"}},{"type":"Feature","geometry":{"type":"Point","coordinates":[8.53582,47.37131]},"properties":{"nummer":"18","name":null,"wasserart":"Züriwasser"}},{"type":"Feature","geometry":{"type":"Point","coordinates":[8.5416,47.36707]},"properties":{"nummer":"46","name":"Geiserbrunnen","wasserart":"Quellwasser"}},{"type":"Feature","geometry":{"type":"Point","coordinates":[8.54001,47.36701]},"properties":{"nummer":"45","name":"Rebekkabrunnen","wasserart":"Züriwasser"}},{"type":"Feature","geometry":{"type":"Point","coordinates":[8.50145,47.36398]},"properties":{"nummer":"196","name":"Spielplatz Friesenberg","wasserart":"Züriwasser"}},{"type":"Feature","geometry":{"type":"Point","coordinates":[8.50896,47.35764]},"properties":{"nummer":"204","name":null,"wasserart":"Quellwasser"}},{"type":"Feature","geometry":{"type":"Point","coordinates":[8.53569,47.35946]},"properties":{"nummer":"126","name":null,"wasserart":"Züriwasser"}},{"type":"Feature","geometry":{"type":"Point","coordinates":[8.53641,47.39831]},"properties":{"nummer":"298","name":null,"wasserart":"Züriwasser"}},{"type":"Feature","geometry":{"type":"Point","coordinates":[8.52234,47.39302]},"properties":{"nummer":"457","name":null,"wasserart":"Quellwasser"}},{"type":"Feature","geometry":{"type":"Point","coordinates":[8.5228,47.38624]},"properties":{"nummer":"250","name":"Josefswiese","wasserart":"Quellwasser"}},{"type":"Feature","geometry":{"type":"Point","coordinates":[8.53382,47.38875]},"properties":{"nummer":"456.1","name":"Trinkbrunnen","wasserart":"Züriwasser"}},{"type":"Feature","geometry":{"type":"Point","coordinates":[8.53125,47.38959]},"properties":{"nummer":"463","name":"Vorplatz Kirche Letten","wasserart":"Züriwasser"}},{"type":"Feature","geometry":{"type":"Point","coordinates":[8.53554,47.39317]},"properties":{"nummer":"269","name":null,"wasserart":"Quellwasser"}},{"type":"Feature","geometry":{"type":"Point","coordinates":[8.52643,47.39106]},"properties":{"nummer":"513","name":"Restaurant Rose","wasserart":"Züriwasser"}},{"type":"Feature","geometry":{"type":"Point","coordinates":[8.5246,47.39232]},"properties":{"nummer":"440","name":null,"wasserart":"Züriwasser"}},{"type":"Feature","geometry":{"type":"Point","coordinates":[8.51273,47.38005]},"properties":{"nummer":"234.1","name":null,"wasserart":"Züriwasser"}},{"type":"Feature","geometry":{"type":"Point","coordinates":[8.51195,47.37924]},"properties":{"nummer":"234.3","name":null,"wasserart":"Züriwasser"}},{"type":"Feature","geometry":{"type":"Point","coordinates":[8.50444,47.37992]},"properties":{"nummer":"564","name":"Heiligfeld, beim Hügel","wasserart":"Quellwasser"}},{"type":"Feature","geometry":{"type":"Point","coordinates":[8.50312,47.38119]},"properties":{"nummer":"507","name":"Tramwartehäuschen","wasserart":"Quellwasser"}},{"type":"Feature","geometry":{"type":"Point","coordinates":[8.49873,47.38496]},"properties":{"nummer":"1159","name":null,"wasserart":"Züriwasser"}},{"type":"Feature","geometry":{"type":"Point","coordinates":[8.53543,47.38235]},"properties":{"nummer":"252.2","name":"Trinkbrunnen","wasserart":"Quellwasser"}},{"type":"Feature","geometry":{"type":"Point","coordinates":[8.5264,47.3851]},"properties":{"nummer":"251","name":null,"wasserart":"Züriwasser"}},{"type":"Feature","geometry":{"type":"Point","coordinates":[8.53342,47.38343]},"properties":{"nummer":"248","name":null,"wasserart":"Quellwasser"}},{"type":"Feature","geometry":{"type":"Point","coordinates":[8.52888,47.3819]},"properties":{"nummer":"1132","name":null,"wasserart":"Züriwasser"}},{"type":"Feature","geometry":{"type":"Point","coordinates":[8.52977,47.385]},"properties":{"nummer":"247","name":null,"wasserart":"Quellwasser"}},{"type":"Feature","geometry":{"type":"Point","coordinates":[8.52829,47.38523]},"properties":{"nummer":"246","name":null,"wasserart":"Züriwasser"}},{"type":"Feature","geometry":{"type":"Point","coordinates":[8.50279,47.37756]},"properties":{"nummer":"207","name":null,"wasserart":"Züriwasser"}},{"type":"Feature","geometry":{"type":"Point","coordinates":[8.50624,47.37866]},"properties":{"nummer":"1150","name":"Pilgerbrunnen","wasserart":"Quellwasser"}},{"type":"Feature","geometry":{"type":"Point","coordinates":[8.50973,47.37832]},"properties":{"nummer":"193","name":"Albisriederplatz","wasserart":"Züriwasser"}},{"type":"Feature","geometry":{"type":"Point","coordinates":[8.52106,47.37608]},"properties":{"nummer":"239","name":null,"wasserart":"Züriwasser"}},{"type":"Feature","geometry":{"type":"Point","coordinates":[8.5165,47.37545]},"properties":{"nummer":"231","name":"Kiosk","wasserart":"Quellwasser"}},{"type":"Feature","geometry":{"type":"Point","coordinates":[8.51455,47.37427]},"properties":{"nummer":"192","name":null,"wasserart":"Züriwasser"}},{"type":"Feature","geometry":{"type":"Point","coordinates":[8.5134,47.3786]},"properties":{"nummer":"234.2","name":null,"wasserart":"Züriwasser"}},{"type":"Feature","geometry":{"type":"Point","coordinates":[8.53861,47.37401]},"properties":{"nummer":"7","name":"Herkulesbrunnen","wasserart":"Quellwasser"}},{"type":"Feature","geometry":{"type":"Point","coordinates":[8.52332,47.37589]},"properties":{"nummer":"1076","name":null,"wasserart":"Züriwasser"}},{"type":"Feature","geometry":{"type":"Point","coordinates":[8.52667,47.37627]},"properties":{"nummer":"224","name":null,"wasserart":"Quellwasser"}},{"type":"Feature","geometry":{"type":"Point","coordinates":[8.524,47.37715]},"properties":{"nummer":"237","name":"Bäckeranlage","wasserart":"Quellwasser"}},{"type":"Feature","geometry":{"type":"Point","coordinates":[8.51545,47.37189]},"properties":{"nummer":"185","name":"Kirchgemeindehaus","wasserart":"Züriwasser"}},{"type":"Feature","geometry":{"type":"Point","coordinates":[8.51752,47.37241]},"properties":{"nummer":"181","name":null,"wasserart":"Quellwasser"}},{"type":"Feature","geometry":{"type":"Point","coordinates":[8.51696,47.37399]},"properties":{"nummer":"189","name":"Gertrudstrasse (Anlage)","wasserart":"Quellwasser"}},{"type":"Feature","geometry":{"type":"Point","coordinates":[8.53447,47.37233]},"properties":{"nummer":"1081","name":"Basiliskenbrunnen","wasserart":"Züriwasser"}},{"type":"Feature","geometry":{"type":"Point","coordinates":[8.53252,47.37435]},"properties":{"nummer":"222","name":null,"wasserart":"Quellwasser"}},{"type":"Feature","geometry":{"type":"Point","coordinates":[8.52862,47.37688]},"properties":{"nummer":"233","name":null,"wasserart":"Quellwasser"}},{"type":"Feature","geometry":{"type":"Point","coordinates":[8.53699,47.37722]},"properties":{"nummer":"41","name":"Schützengasse","wasserart":"Züriwasser"}},{"type":"Feature","geometry":{"type":"Point","coordinates":[8.47965,47.39076]},"properties":{"nummer":"429","name":"Farbhof","wasserart":"Züriwasser"}},{"type":"Feature","geometry":{"type":"Point","coordinates":[8.48107,47.38608]},"properties":{"nummer":"420","name":"Fröschen-Brunnen","wasserart":"Quellwasser"}},{"type":"Feature","geometry":{"type":"Point","coordinates":[8.4801,47.38861]},"properties":{"nummer":"412","name":"Hallenbad Altstetten","wasserart":"Züriwasser"}},{"type":"Feature","geometry":{"type":"Point","coordinates":[8.47688,47.3875]},"properties":{"nummer":"432","name":null,"wasserart":"Quellwasser"}},{"type":"Feature","geometry":{"type":"Point","coordinates":[8.49082,47.38701]},"properties":{"nummer":"423","name":null,"wasserart":"Züriwasser"}},{"type":"Feature","geometry":{"type":"Point","coordinates":[8.49033,47.38948]},"properties":{"nummer":"1158","name":null,"wasserart":"Züriwasser"}},{"type":"Feature","geometry":{"type":"Point","coordinates":[8.48572,47.38766]},"properties":{"nummer":"413","name":null,"wasserart":"Züriwasser"}},{"type":"Feature","geometry":{"type":"Point","coordinates":[8.48328,47.37445]},"properties":{"nummer":"415","name":null,"wasserart":"Quellwasser"}},{"type":"Feature","geometry":{"type":"Point","coordinates":[8.48298,47.37828]},"properties":{"nummer":"428","name":null,"wasserart":"Züriwasser"}},{"type":"Feature","geometry":{"type":"Point","coordinates":[8.48532,47.35731]},"properties":{"nummer":"730","name":"Steinbrunnen beim Grillplatz","wasserart":"Quellwasser"}},{"type":"Feature","geometry":{"type":"Point","coordinates":[8.57066,47.40386]},"properties":{"nummer":"496","name":null,"wasserart":"Quellwasser"}},{"type":"Feature","geometry":{"type":"Point","coordinates":[8.57238,47.40473]},"properties":{"nummer":"1110","name":"vav. Herzogenmühlestrasse 4","wasserart":"Quellwasser"}},{"type":"Feature","geometry":{"type":"Point","coordinates":[8.57038,47.40348]},"properties":{"nummer":"497","name":null,"wasserart":"Quellwasser"}},{"type":"Feature","geometry":{"type":"Point","coordinates":[8.56268,47.40424]},"properties":{"nummer":"502","name":"Haltestelle Frohburg","wasserart":"Züriwasser"}},{"type":"Feature","geometry":{"type":"Point","coordinates":[8.57205,47.41373]},"properties":{"nummer":"499","name":null,"wasserart":"Quellwasser"}},{"type":"Feature","geometry":{"type":"Point","coordinates":[8.53782,47.40941]},"properties":{"nummer":"480","name":null,"wasserart":"Quellwasser"}},{"type":"Feature","geometry":{"type":"Point","coordinates":[8.52538,47.41172]},"properties":{"nummer":"478","name":null,"wasserart":"Quellwasser"}},{"type":"Feature","geometry":{"type":"Point","coordinates":[8.54609,47.40997]},"properties":{"nummer":"1114.1","name":"Albert Näf-Platz","wasserart":"Züriwasser"}},{"type":"Feature","geometry":{"type":"Point","coordinates":[8.54623,47.40955]},"properties":{"nummer":"1114.2","name":"Albert Näf-Platz","wasserart":"Züriwasser"}},{"type":"Feature","geometry":{"type":"Point","coordinates":[8.54993,47.40393]},"properties":{"nummer":"1094","name":null,"wasserart":"Quellwasser"}},{"type":"Feature","geometry":{"type":"Point","coordinates":[8.54769,47.40321]},"properties":{"nummer":"484","name":null,"wasserart":"Quellwasser"}},{"type":"Feature","geometry":{"type":"Point","coordinates":[8.5457,47.41755]},"properties":{"nummer":"483","name":null,"wasserart":"Quellwasser"}},{"type":"Feature","geometry":{"type":"Point","coordinates":[8.55048,47.40729]},"properties":{"nummer":"495","name":null,"wasserart":"Quellwasser"}},{"type":"Feature","geometry":{"type":"Point","coordinates":[8.54911,47.40793]},"properties":{"nummer":"468","name":null,"wasserart":"Züriwasser"}},{"type":"Feature","geometry":{"type":"Point","coordinates":[8.47525,47.41471]},"properties":{"nummer":"438","name":"Rütihof","wasserart":"Züriwasser"}},{"type":"Feature","geometry":{"type":"Point","coordinates":[8.53785,47.40589]},"properties":{"nummer":"486","name":"Ringstrasse","wasserart":"Quellwasser"}},{"type":"Feature","geometry":{"type":"Point","coordinates":[8.49311,47.40241]},"properties":{"nummer":"462","name":"Tramschleife Wartau","wasserart":"Züriwasser"}},{"type":"Feature","geometry":{"type":"Point","coordinates":[8.49729,47.40179]},"properties":{"nummer":"466","name":"Kirche Höngg","wasserart":"Quellwasser"}},{"type":"Feature","geometry":{"type":"Point","coordinates":[8.49786,47.40193]},"properties":{"nummer":"433","name":null,"wasserart":"Quellwasser"}},{"type":"Feature","geometry":{"type":"Point","coordinates":[8.49651,47.40364]},"properties":{"nummer":"439","name":null,"wasserart":"Quellwasser"}},{"type":"Feature","geometry":{"type":"Point","coordinates":[8.5301,47.39845]},"properties":{"nummer":"436","name":"obere Waidstrasse","wasserart":"Züriwasser"}},{"type":"Feature","geometry":{"type":"Point","coordinates":[8.52491,47.39339]},"properties":{"nummer":"461","name":null,"wasserart":"Quellwasser"}},{"type":"Feature","geometry":{"type":"Point","coordinates":[8.57182,47.41343]},"properties":{"nummer":"1069","name":"Gemeinschaftszentrum Auzelg","wasserart":"Züriwasser"}},{"type":"Feature","geometry":{"type":"Point","coordinates":[8.54218,47.42297]},"properties":{"nummer":"470","name":null,"wasserart":"Züriwasser"}},{"type":"Feature","geometry":{"type":"Point","coordinates":[8.54179,47.40643]},"properties":{"nummer":"479","name":"bei Spielwiese","wasserart":"Züriwasser"}},{"type":"Feature","geometry":{"type":"Point","coordinates":[8.50082,47.40281]},"properties":{"nummer":"437","name":"Kranzbrunnen","wasserart":"Züriwasser"}},{"type":"Feature","geometry":{"type":"Point","coordinates":[8.542,47.39773]},"properties":{"nummer":"1118","name":"Tramhaltestelle, Michbuck","wasserart":"Züriwasser"}},{"type":"Feature","geometry":{"type":"Point","coordinates":[8.54474,47.39358]},"properties":{"nummer":"290","name":"Bambibrunnen","wasserart":"Züriwasser"}},{"type":"Feature","geometry":{"type":"Point","coordinates":[8.54517,47.39588]},"properties":{"nummer":"287","name":null,"wasserart":"Züriwasser"}},{"type":"Feature","geometry":{"type":"Point","coordinates":[8.54795,47.38805]},"properties":{"nummer":"275","name":null,"wasserart":"Quellwasser"}},{"type":"Feature","geometry":{"type":"Point","coordinates":[8.53901,47.39103]},"properties":{"nummer":"301","name":null,"wasserart":"Quellwasser"}},{"type":"Feature","geometry":{"type":"Point","coordinates":[8.53887,47.38943]},"properties":{"nummer":"1083","name":"Purtschert-Brunnen","wasserart":"Züriwasser"}},{"type":"Feature","geometry":{"type":"Point","coordinates":[8.5401,47.38929]},"properties":{"nummer":"300","name":"Haupteingang Schulhaus","wasserart":"Quellwasser"}},{"type":"Feature","geometry":{"type":"Point","coordinates":[8.54621,47.39142]},"properties":{"nummer":"281","name":null,"wasserart":"Züriwasser"}},{"type":"Feature","geometry":{"type":"Point","coordinates":[8.55364,47.38778]},"properties":{"nummer":"278","name":null,"wasserart":"Züriwasser"}},{"type":"Feature","geometry":{"type":"Point","coordinates":[8.54647,47.38685]},"properties":{"nummer":"286","name":"Spielplatzanlage","wasserart":"Züriwasser"}},{"type":"Feature","geometry":{"type":"Point","coordinates":[8.54403,47.38767]},"properties":{"nummer":"292","name":null,"wasserart":"Züriwasser"}},{"type":"Feature","geometry":{"type":"Point","coordinates":[8.54446,47.38886]},"properties":{"nummer":"279","name":null,"wasserart":"Quellwasser"}},{"type":"Feature","geometry":{"type":"Point","coordinates":[8.54559,47.38808]},"properties":{"nummer":"276","name":null,"wasserart":"Quellwasser"}},{"type":"Feature","geometry":{"type":"Point","coordinates":[8.54829,47.38009]},"properties":{"nummer":"297","name":null,"wasserart":"Quellwasser"}},{"type":"Feature","geometry":{"type":"Point","coordinates":[8.5481,47.3836]},"properties":{"nummer":"263","name":null,"wasserart":"Quellwasser"}},{"type":"Feature","geometry":{"type":"Point","coordinates":[8.5486,47.38455]},"properties":{"nummer":"272","name":null,"wasserart":"Quellwasser"}},{"type":"Feature","geometry":{"type":"Point","coordinates":[8.54234,47.3838]},"properties":{"nummer":"283","name":null,"wasserart":"Quellwasser"}},{"type":"Feature","geometry":{"type":"Point","coordinates":[8.54101,47.3857]},"properties":{"nummer":"271","name":null,"wasserart":"Quellwasser"}},{"type":"Feature","geometry":{"type":"Point","coordinates":[8.55509,47.3798]},"properties":{"nummer":"330","name":null,"wasserart":"Quellwasser"}},{"type":"Feature","geometry":{"type":"Point","coordinates":[8.57153,47.38175]},"properties":{"nummer":"344","name":null,"wasserart":"Züriwasser"}},{"type":"Feature","geometry":{"type":"Point","coordinates":[8.55991,47.37946]},"properties":{"nummer":"341","name":null,"wasserart":"Züriwasser"}},{"type":"Feature","geometry":{"type":"Point","coordinates":[8.53967,47.38024]},"properties":{"nummer":"70","name":"beim Pavillon","wasserart":"Züriwasser"}},{"type":"Feature","geometry":{"type":"Point","coordinates":[8.54191,47.38215]},"properties":{"nummer":"293","name":"Pilgerbrunnen","wasserart":"Quellwasser"}},{"type":"Feature","geometry":{"type":"Point","coordinates":[8.54561,47.38102]},"properties":{"nummer":"264","name":null,"wasserart":"Quellwasser"}},{"type":"Feature","geometry":{"type":"Point","coordinates":[8.54467,47.37917]},"properties":{"nummer":"296","name":null,"wasserart":"Quellwasser"}},{"type":"Feature","geometry":{"type":"Point","coordinates":[8.54288,47.38]},"properties":{"nummer":"60","name":null,"wasserart":"Züriwasser"}},{"type":"Feature","geometry":{"type":"Point","coordinates":[8.55498,47.37663]},"properties":{"nummer":"325","name":null,"wasserart":"Quellwasser"}},{"type":"Feature","geometry":{"type":"Point","coordinates":[8.55702,47.37719]},"properties":{"nummer":"347","name":"bei Kirche Fluntern","wasserart":"Quellwasser"}},{"type":"Feature","geometry":{"type":"Point","coordinates":[8.55583,47.3785]},"properties":{"nummer":"316","name":null,"wasserart":"Quellwasser"}},{"type":"Feature","geometry":{"type":"Point","coordinates":[8.5506,47.37774]},"properties":{"nummer":"1088","name":"Sternwarte","wasserart":"Züriwasser"}},{"type":"Feature","geometry":{"type":"Point","coordinates":[8.54159,47.37619]},"properties":{"nummer":"48","name":"bei Du Pont","wasserart":"Züriwasser"}},{"type":"Feature","geometry":{"type":"Point","coordinates":[8.54153,47.3788]},"properties":{"nummer":"36","name":"bei der Platzpromenade","wasserart":"Züriwasser"}},{"type":"Feature","geometry":{"type":"Point","coordinates":[8.5519,47.37855]},"properties":{"nummer":"333","name":null,"wasserart":"Züriwasser"}},{"type":"Feature","geometry":{"type":"Point","coordinates":[8.56151,47.37365]},"properties":{"nummer":"320","name":null,"wasserart":"Quellwasser"}},{"type":"Feature","geometry":{"type":"Point","coordinates":[8.56355,47.37259]},"properties":{"nummer":"348","name":"Doldertal","wasserart":"Quellwasser"}},{"type":"Feature","geometry":{"type":"Point","coordinates":[8.56984,47.37275]},"properties":{"nummer":"336","name":null,"wasserart":"Züriwasser"}},{"type":"Feature","geometry":{"type":"Point","coordinates":[8.55962,47.37575]},"properties":{"nummer":"305","name":"Gsellenbrunnen","wasserart":"Quellwasser"}},{"type":"Feature","geometry":{"type":"Point","coordinates":[8.55965,47.37653]},"properties":{"nummer":"970","name":"Bürkli-Brunnen, Bj.1894","wasserart":"Züriwasser"}},{"type":"Feature","geometry":{"type":"Point","coordinates":[8.53893,47.37534]},"properties":{"nummer":"1019","name":"Pariserbrunnen","wasserart":"Züriwasser"}},{"type":"Feature","geometry":{"type":"Point","coordinates":[8.53967,47.3747]},"properties":{"nummer":"1023","name":null,"wasserart":"Züriwasser"}},{"type":"Feature","geometry":{"type":"Point","coordinates":[8.54767,47.37435]},"properties":{"nummer":"954","name":null,"wasserart":"Quellwasser"}},{"type":"Feature","geometry":{"type":"Point","coordinates":[8.54057,47.3717]},"properties":{"nummer":"5","name":null,"wasserart":"Quellwasser"}},{"type":"Feature","geometry":{"type":"Point","coordinates":[8.56771,47.38249]},"properties":{"nummer":"314","name":null,"wasserart":"Züriwasser"}},{"type":"Feature","geometry":{"type":"Point","coordinates":[8.53199,47.35895]},"properties":{"nummer":"97","name":null,"wasserart":"Quellwasser"}},{"type":"Feature","geometry":{"type":"Point","coordinates":[8.51878,47.36268]},"properties":{"nummer":"202","name":"Wartehalle Binz SZU","wasserart":"Züriwasser"}},{"type":"Feature","geometry":{"type":"Point","coordinates":[8.49766,47.35851]},"properties":{"nummer":"169","name":null,"wasserart":"Züriwasser"}},{"type":"Feature","geometry":{"type":"Point","coordinates":[8.54091,47.37723]},"properties":{"nummer":"29","name":"Hauptbahnhof (Südostseite)","wasserart":"Züriwasser"}},{"type":"Feature","geometry":{"type":"Point","coordinates":[8.50406,47.35565]},"properties":{"nummer":"952","name":"Friedhofeingang","wasserart":"Züriwasser"}},{"type":"Feature","geometry":{"type":"Point","coordinates":[8.52634,47.36171]},"properties":{"nummer":"102","name":null,"wasserart":"Quellwasser"}},{"type":"Feature","geometry":{"type":"Point","coordinates":[8.52616,47.36411]},"properties":{"nummer":"160","name":"Eingang Brauerei Hürlimann","wasserart":"Quellwasser"}},{"type":"Feature","geometry":{"type":"Point","coordinates":[8.50712,47.35226]},"properties":{"nummer":"195","name":"oberhalb Schützenhaus","wasserart":"Züriwasser"}},{"type":"Feature","geometry":{"type":"Point","coordinates":[8.53323,47.3635]},"properties":{"nummer":"165","name":null,"wasserart":"Quellwasser"}},{"type":"Feature","geometry":{"type":"Point","coordinates":[8.53245,47.36219]},"properties":{"nummer":"99","name":null,"wasserart":"Quellwasser"}},{"type":"Feature","geometry":{"type":"Point","coordinates":[8.52609,47.35645]},"properties":{"nummer":"111","name":null,"wasserart":"Quellwasser"}},{"type":"Feature","geometry":{"type":"Point","coordinates":[8.52611,47.35437]},"properties":{"nummer":"108","name":null,"wasserart":"Quellwasser"}},{"type":"Feature","geometry":{"type":"Point","coordinates":[8.53289,47.3548]},"properties":{"nummer":"139","name":null,"wasserart":"Quellwasser"}},{"type":"Feature","geometry":{"type":"Point","coordinates":[8.49998,47.35961]},"properties":{"nummer":"953","name":"Friedhofeingang","wasserart":"Züriwasser"}},{"type":"Feature","geometry":{"type":"Point","coordinates":[8.53199,47.35633]},"properties":{"nummer":"146","name":"Wartehalle","wasserart":"Quellwasser"}},{"type":"Feature","geometry":{"type":"Point","coordinates":[8.53325,47.3429]},"properties":{"nummer":"135","name":"Blondatbrunnen","wasserart":"Quellwasser"}},{"type":"Feature","geometry":{"type":"Point","coordinates":[8.51836,47.35494]},"properties":{"nummer":"179","name":"Feuerstelle ob Saalsporthalle","wasserart":"Züriwasser"}},{"type":"Feature","geometry":{"type":"Point","coordinates":[8.5353,47.34016]},"properties":{"nummer":"112","name":null,"wasserart":"Quellwasser"}},{"type":"Feature","geometry":{"type":"Point","coordinates":[8.53216,47.34603]},"properties":{"nummer":"116","name":null,"wasserart":"Quellwasser"}},{"type":"Feature","geometry":{"type":"Point","coordinates":[8.53394,47.34516]},"properties":{"nummer":"155","name":"in Anlage","wasserart":"Quellwasser"}},{"type":"Feature","geometry":{"type":"Point","coordinates":[8.53224,47.34971]},"properties":{"nummer":"129","name":null,"wasserart":"Quellwasser"}},{"type":"Feature","geometry":{"type":"Point","coordinates":[8.53264,47.34053]},"properties":{"nummer":"166","name":"beim  Kinderspielplatz","wasserart":"Züriwasser"}},{"type":"Feature","geometry":{"type":"Point","coordinates":[8.53529,47.33299]},"properties":{"nummer":"1125","name":null,"wasserart":"Züriwasser"}},{"type":"Feature","geometry":{"type":"Point","coordinates":[8.53543,47.33183]},"properties":{"nummer":"142","name":null,"wasserart":"Züriwasser"}},{"type":"Feature","geometry":{"type":"Point","coordinates":[8.52472,47.33749]},"properties":{"nummer":"163","name":"Gustav Heinrich-Weg","wasserart":"Züriwasser"}},{"type":"Feature","geometry":{"type":"Point","coordinates":[8.53018,47.34144]},"properties":{"nummer":"162","name":"In der kleinen Anlage","wasserart":"Züriwasser"}},{"type":"Feature","geometry":{"type":"Point","coordinates":[8.52979,47.34419]},"properties":{"nummer":"144","name":null,"wasserart":"Züriwasser"}},{"type":"Feature","geometry":{"type":"Point","coordinates":[8.52341,47.39487]},"properties":{"nummer":"451","name":"Rationierungsbrunnen","wasserart":"Quellwasser"}},{"type":"Feature","geometry":{"type":"Point","coordinates":[8.51429,47.32491]},"properties":{"nummer":"117","name":null,"wasserart":"Züriwasser"}},{"type":"Feature","geometry":{"type":"Point","coordinates":[8.51302,47.32874]},"properties":{"nummer":"137","name":"Manegg-Promenade","wasserart":"Züriwasser"}},{"type":"Feature","geometry":{"type":"Point","coordinates":[8.55608,47.37465]},"properties":{"nummer":"324","name":null,"wasserart":"Quellwasser"}},{"type":"Feature","geometry":{"type":"Point","coordinates":[8.52625,47.36971]},"properties":{"nummer":"175","name":"Manessestrasse","wasserart":"Züriwasser"}},{"type":"Feature","geometry":{"type":"Point","coordinates":[8.50705,47.36719]},"properties":{"nummer":"205","name":null,"wasserart":"Züriwasser"}},{"type":"Feature","geometry":{"type":"Point","coordinates":[8.50475,47.36266]},"properties":{"nummer":"194","name":null,"wasserart":"Quellwasser"}},{"type":"Feature","geometry":{"type":"Point","coordinates":[8.53689,47.37297]},"properties":{"nummer":"49","name":"Füsslistrasse","wasserart":"Quellwasser"}},{"type":"Feature","geometry":{"type":"Point","coordinates":[8.47518,47.3838]},"properties":{"nummer":"427","name":"Friedhof Altstetten","wasserart":"Quellwasser"}},{"type":"Feature","geometry":{"type":"Point","coordinates":[8.53169,47.38471]},"properties":{"nummer":"253","name":"auf Traminsel","wasserart":"Quellwasser"}},{"type":"Feature","geometry":{"type":"Point","coordinates":[8.53904,47.37572]},"properties":{"nummer":"57","name":null,"wasserart":"Züriwasser"}},{"type":"Feature","geometry":{"type":"Point","coordinates":[8.52886,47.34667]},"properties":{"nummer":"167","name":"Othmar Schöck-Brunnen","wasserart":"Quellwasser"}},{"type":"Feature","geometry":{"type":"Point","coordinates":[8.52203,47.39462]},"properties":{"nummer":"435","name":null,"wasserart":"Quellwasser"}},{"type":"Feature","geometry":{"type":"Point","coordinates":[8.52737,47.40043]},"properties":{"nummer":"449","name":"oberer Spielplatz","wasserart":"Züriwasser"}},{"type":"Feature","geometry":{"type":"Point","coordinates":[8.518,47.33618]},"properties":{"nummer":"147","name":null,"wasserart":"Züriwasser"}},{"type":"Feature","geometry":{"type":"Point","coordinates":[8.54452,47.41062]},"properties":{"nummer":"476.2","name":"Wasserspiel","wasserart":"Züriwasser"}},{"type":"Feature","geometry":{"type":"Point","coordinates":[8.52891,47.3933]},"properties":{"nummer":"448","name":null,"wasserart":"Quellwasser"}},{"type":"Feature","geometry":{"type":"Point","coordinates":[8.51649,47.33158]},"properties":{"nummer":"128","name":"Soodstrasse","wasserart":"Züriwasser"}},{"type":"Feature","geometry":{"type":"Point","coordinates":[8.55053,47.37278]},"properties":{"nummer":"334","name":null,"wasserart":"Quellwasser"}},{"type":"Feature","geometry":{"type":"Point","coordinates":[8.53304,47.34703]},"properties":{"nummer":"130","name":null,"wasserart":"Quellwasser"}},{"type":"Feature","geometry":{"type":"Point","coordinates":[8.54062,47.3739]},"properties":{"nummer":"31","name":null,"wasserart":"Quellwasser"}},{"type":"Feature","geometry":{"type":"Point","coordinates":[8.54124,47.37292]},"properties":{"nummer":"14","name":null,"wasserart":"Quellwasser"}},{"type":"Feature","geometry":{"type":"Point","coordinates":[8.51837,47.41441]},"properties":{"nummer":"482","name":"Kirchengemeindehaus","wasserart":"Quellwasser"}},{"type":"Feature","geometry":{"type":"Point","coordinates":[8.53277,47.41036]},"properties":{"nummer":"489","name":null,"wasserart":"Züriwasser"}},{"type":"Feature","geometry":{"type":"Point","coordinates":[8.54179,47.37134]},"properties":{"nummer":"44","name":null,"wasserart":"Quellwasser"}},{"type":"Feature","geometry":{"type":"Point","coordinates":[8.57119,47.3638]},"properties":{"nummer":"363","name":null,"wasserart":"Züriwasser"}},{"type":"Feature","geometry":{"type":"Point","coordinates":[8.5362,47.33779]},"properties":{"nummer":"118","name":null,"wasserart":"Quellwasser"}},{"type":"Feature","geometry":{"type":"Point","coordinates":[8.52325,47.37136]},"properties":{"nummer":"188","name":"Bahnhof Wiedikon","wasserart":"Quellwasser"}},{"type":"Feature","geometry":{"type":"Point","coordinates":[8.56081,47.36372]},"properties":{"nummer":"321","name":null,"wasserart":"Quellwasser"}},{"type":"Feature","geometry":{"type":"Point","coordinates":[8.5307,47.38349]},"properties":{"nummer":"245","name":null,"wasserart":"Quellwasser"}},{"type":"Feature","geometry":{"type":"Point","coordinates":[8.54253,47.38534]},"properties":{"nummer":"266","name":null,"wasserart":"Quellwasser"}},{"type":"Feature","geometry":{"type":"Point","coordinates":[8.51649,47.38946]},"properties":{"nummer":"1229","name":"Schiffbau-/Technoparkstrasse","wasserart":"Quellwasser"}},{"type":"Feature","geometry":{"type":"Point","coordinates":[8.54799,47.38473]},"properties":{"nummer":"1225","name":"Universitätsstrasse vor 111","wasserart":"Quellwasser"}},{"type":"Feature","geometry":{"type":"Point","coordinates":[8.50514,47.37978]},"properties":{"nummer":"1235","name":"Heiligfeld, beim Spielplatz","wasserart":"Quellwasser"}},{"type":"Feature","geometry":{"type":"Point","coordinates":[8.51973,47.36916]},"properties":{"nummer":"168","name":null,"wasserart":"Quellwasser"}},{"type":"Feature","geometry":{"type":"Point","coordinates":[8.5959,47.39706]},"properties":{"nummer":"1111","name":"Tramendstation Stettbach","wasserart":"Züriwasser"}},{"type":"Feature","geometry":{"type":"Point","coordinates":[8.54983,47.42187]},"properties":{"nummer":"487","name":"Endstation Seebach","wasserart":"Züriwasser"}},{"type":"Feature","geometry":{"type":"Point","coordinates":[8.50133,47.38]},"properties":{"nummer":"1233","name":"Eingang Freibad Letzigraben","wasserart":"Quellwasser"}},{"type":"Feature","geometry":{"type":"Point","coordinates":[8.52431,47.33393]},"properties":{"nummer":"1243","name":"Überdeckung Entlisberg","wasserart":"Züriwasser"}},{"type":"Feature","geometry":{"type":"Point","coordinates":[8.5588,47.40828]},"properties":{"nummer":"1186","name":null,"wasserart":"Quellwasser"}},{"type":"Feature","geometry":{"type":"Point","coordinates":[8.51018,47.37013]},"properties":{"nummer":"210","name":"Kafi Ferdinand","wasserart":"Quellwasser"}},{"type":"Feature","geometry":{"type":"Point","coordinates":[8.54718,47.38588]},"properties":{"nummer":"284","name":"Spielplatzanlage Oberstrasse","wasserart":"Züriwasser"}},{"type":"Feature","geometry":{"type":"Point","coordinates":[8.53929,47.39531]},"properties":{"nummer":"285","name":"Im Birkenhof","wasserart":"Züriwasser"}},{"type":"Feature","geometry":{"type":"Point","coordinates":[8.55633,47.37663]},"properties":{"nummer":"364","name":"unterhalb Treppe Kirche Fluntern","wasserart":"Züriwasser"}},{"type":"Feature","geometry":{"type":"Point","coordinates":[8.53996,47.37712]},"properties":{"nummer":"38","name":"Alfred-Escher-Brunnen","wasserart":"Züriwasser"}},{"type":"Feature","geometry":{"type":"Point","coordinates":[8.55279,47.39527]},"properties":{"nummer":"509","name":"Wasserspiel über Reservoir","wasserart":"Züriwasser"}},{"type":"Feature","geometry":{"type":"Point","coordinates":[8.54059,47.36673]},"properties":{"nummer":"52","name":"in der Anlage","wasserart":"Züriwasser"}},{"type":"Feature","geometry":{"type":"Point","coordinates":[8.52817,47.3712]},"properties":{"nummer":"214.2","name":"Zierbrunnen","wasserart":"Quellwasser"}},{"type":"Feature","geometry":{"type":"Point","coordinates":[8.54435,47.4106]},"properties":{"nummer":"476.1","name":"Trinkbrunnen","wasserart":"Züriwasser"}},{"type":"Feature","geometry":{"type":"Point","coordinates":[8.53538,47.38253]},"properties":{"nummer":"252.1","name":"Springbrunnen","wasserart":"Quellwasser"}},{"type":"Feature","geometry":{"type":"Point","coordinates":[8.48814,47.39131]},"properties":{"nummer":"1251","name":"Wassermauer","wasserart":"Quellwasser"}},{"type":"Feature","geometry":{"type":"Point","coordinates":[8.53721,47.41493]},"properties":{"nummer":"1206","name":"Wasserbalken","wasserart":"Züriwasser"}},{"type":"Feature","geometry":{"type":"Point","coordinates":[8.54076,47.41607]},"properties":{"nummer":"1244","name":"Trinkbrunnen. Ruedi Walterstrasse gegenüber 4","wasserart":"Quellwasser"}},{"type":"Feature","geometry":{"type":"Point","coordinates":[8.54119,47.41511]},"properties":{"nummer":"1245","name":"Planschbecken. Ruedi Walterstrasse gegenüber 4","wasserart":"Züriwasser"}},{"type":"Feature","geometry":{"type":"Point","coordinates":[8.50596,47.38343]},"properties":{"nummer":"226","name":"beim Sportplatz Letzigrund","wasserart":"Quellwasser"}},{"type":"Feature","geometry":{"type":"Point","coordinates":[8.53169,47.36415]},"properties":{"nummer":"1255","name":null,"wasserart":"Quellwasser"}},{"type":"Feature","geometry":{"type":"Point","coordinates":[8.55602,47.36955]},"properties":{"nummer":"1259","name":"Gemeindeplatz Hottingen","wasserart":"Quellwasser"}},{"type":"Feature","geometry":{"type":"Point","coordinates":[8.53065,47.33847]},"properties":{"nummer":"164","name":null,"wasserart":"Züriwasser"}},{"type":"Feature","geometry":{"type":"Point","coordinates":[8.51299,47.38897]},"properties":{"nummer":"1269","name":"Gleisbogen","wasserart":"Quellwasser"}},{"type":"Feature","geometry":{"type":"Point","coordinates":[8.52416,47.35179]},"properties":{"nummer":"1267","name":"Kopfweidenplatz","wasserart":"Züriwasser"}},{"type":"Feature","geometry":{"type":"Point","coordinates":[8.46427,47.38819]},"properties":{"nummer":"1270","name":null,"wasserart":"Quellwasser"}},{"type":"Feature","geometry":{"type":"Point","coordinates":[8.50495,47.4222]},"properties":{"nummer":"1277","name":null,"wasserart":"Züriwasser"}},{"type":"Feature","geometry":{"type":"Point","coordinates":[8.51374,47.38136]},"properties":{"nummer":"1274","name":"Kirche Felix und Regula","wasserart":"Züriwasser"}},{"type":"Feature","geometry":{"type":"Point","coordinates":[8.55045,47.42246]},"properties":{"nummer":"1013","name":"Granitbrunnen mit Hund","wasserart":"Quellwasser"}},{"type":"Feature","geometry":{"type":"Point","coordinates":[8.48601,47.38749]},"properties":{"nummer":"1271","name":"Wasserspiel","wasserart":"Züriwasser"}},{"type":"Feature","geometry":{"type":"Point","coordinates":[8.49069,47.39227]},"properties":{"nummer":"1279","name":"tiefe Zylinderform","wasserart":"Züriwasser"}},{"type":"Feature","geometry":{"type":"Point","coordinates":[8.49034,47.39245]},"properties":{"nummer":"1278","name":"hohe Zylinderform","wasserart":"Züriwasser"}},{"type":"Feature","geometry":{"type":"Point","coordinates":[8.55058,47.41086]},"properties":{"nummer":"1209","name":"Brunnen Sirius","wasserart":"Züriwasser"}},{"type":"Feature","geometry":{"type":"Point","coordinates":[8.52405,47.35555]},"properties":{"nummer":"1281","name":null,"wasserart":"Züriwasser"}},{"type":"Feature","geometry":{"type":"Point","coordinates":[8.51008,47.37958]},"properties":{"nummer":"1298","name":null,"wasserart":"Züriwasser"}},{"type":"Feature","geometry":{"type":"Point","coordinates":[8.47858,47.38661]},"properties":{"nummer":"1299","name":null,"wasserart":"Quellwasser"}},{"type":"Feature","geometry":{"type":"Point","coordinates":[8.53426,47.38032]},"properties":{"nummer":"1303","name":"Klangbrunnen","wasserart":"Züriwasser"}},{"type":"Feature","geometry":{"type":"Point","coordinates":[8.52149,47.39916]},"properties":{"nummer":"236","name":"Haltestelle Waidspital","wasserart":"Quellwasser"}},{"type":"Feature","geometry":{"type":"Point","coordinates":[8.5437,47.37089]},"properties":{"nummer":"1018","name":null,"wasserart":"Züriwasser"}},{"type":"Feature","geometry":{"type":"Point","coordinates":[8.54504,47.36792]},"properties":{"nummer":"43","name":"Limmatquai","wasserart":"Quellwasser"}},{"type":"Feature","geometry":{"type":"Point","coordinates":[8.52338,47.36913]},"properties":{"nummer":"209","name":"Anlage","wasserart":"Züriwasser"}},{"type":"Feature","geometry":{"type":"Point","coordinates":[8.53608,47.36915]},"properties":{"nummer":"1065","name":"Bärenplätzli","wasserart":"Züriwasser"}},{"type":"Feature","geometry":{"type":"Point","coordinates":[8.52964,47.37369]},"properties":{"nummer":"1063","name":"Haltestelle Stauffacher","wasserart":"Quellwasser"}},{"type":"Feature","geometry":{"type":"Point","coordinates":[8.5292,47.37236]},"properties":{"nummer":"225","name":null,"wasserart":"Quellwasser"}},{"type":"Feature","geometry":{"type":"Point","coordinates":[8.51431,47.39963]},"properties":{"nummer":"1089","name":"Rest. Waid","wasserart":"Züriwasser"}},{"type":"Feature","geometry":{"type":"Point","coordinates":[8.49617,47.403]},"properties":{"nummer":"434","name":null,"wasserart":"Quellwasser"}},{"type":"Feature","geometry":{"type":"Point","coordinates":[8.49558,47.40232]},"properties":{"nummer":"441","name":null,"wasserart":"Quellwasser"}},{"type":"Feature","geometry":{"type":"Point","coordinates":[8.5395,47.37206]},"properties":{"nummer":"10","name":"Augustinerkirche","wasserart":"Quellwasser"}},{"type":"Feature","geometry":{"type":"Point","coordinates":[8.54032,47.37233]},"properties":{"nummer":"1","name":"Amazonenbrunnen","wasserart":"Quellwasser"}},{"type":"Feature","geometry":{"type":"Point","coordinates":[8.52888,47.33982]},"properties":{"nummer":"143","name":null,"wasserart":"Züriwasser"}},{"type":"Feature","geometry":{"type":"Point","coordinates":[8.51417,47.33635]},"properties":{"nummer":"157","name":"am Waldrand oberhalb Nr. 74","wasserart":"Quellwasser"}},{"type":"Feature","geometry":{"type":"Point","coordinates":[8.53869,47.392]},"properties":{"nummer":"1220","name":"Schaffhauserstrasse vor 57","wasserart":"Züriwasser"}},{"type":"Feature","geometry":{"type":"Point","coordinates":[8.50566,47.42824]},"properties":{"nummer":"1307","name":"Autobahnüberd. Katzensee","wasserart":"Züriwasser"}},{"type":"Feature","geometry":{"type":"Point","coordinates":[8.49858,47.42684]},"properties":{"nummer":"1308","name":"Autobahnüberd. Katzensee","wasserart":"Züriwasser"}},{"type":"Feature","geometry":{"type":"Point","coordinates":[8.5609,47.40497]},"properties":{"nummer":"1318","name":"Einhausung Schwamendingen","wasserart":"Quellwasser"}},{"type":"Feature","geometry":{"type":"Point","coordinates":[8.56412,47.40605]},"properties":{"nummer":"1319","name":"Einhausung Schwamendingen","wasserart":"Quellwasser"}},{"type":"Feature","geometry":{"type":"Point","coordinates":[8.56773,47.40871]},"properties":{"nummer":"1321","name":"Einhausung Schwamendingen","wasserart":"Quellwasser"}},{"type":"Feature","geometry":{"type":"Point","coordinates":[8.56981,47.40999]},"properties":{"nummer":"1322","name":"Einhausung Schwamendingen","wasserart":"Quellwasser"}},{"type":"Feature","geometry":{"type":"Point","coordinates":[8.57575,47.36613]},"properties":{"nummer":"365","name":"Dorfbrunnen Steintrog","wasserart":"Züriwasser"}},{"type":"Feature","geometry":{"type":"Point","coordinates":[8.54538,47.36963]},"properties":{"nummer":"12","name":"Klausbrunnen","wasserart":"Quellwasser"}},{"type":"Feature","geometry":{"type":"Point","coordinates":[8.54665,47.37066]},"properties":{"nummer":"27","name":null,"wasserart":"Quellwasser"}},{"type":"Feature","geometry":{"type":"Point","coordinates":[8.5477,47.37089]},"properties":{"nummer":"15","name":null,"wasserart":"Quellwasser"}},{"type":"Feature","geometry":{"type":"Point","coordinates":[8.54658,47.36973]},"properties":{"nummer":"20","name":"Trittligasse","wasserart":"Quellwasser"}},{"type":"Feature","geometry":{"type":"Point","coordinates":[8.49549,47.37912]},"properties":{"nummer":"422","name":"vav. Sportplatz Utogrund","wasserart":"Quellwasser"}},{"type":"Feature","geometry":{"type":"Point","coordinates":[8.49596,47.37456]},"properties":{"nummer":"419","name":null,"wasserart":"Quellwasser"}},{"type":"Feature","geometry":{"type":"Point","coordinates":[8.54614,47.42527]},"properties":{"nummer":"473","name":null,"wasserart":"Quellwasser"}},{"type":"Feature","geometry":{"type":"Point","coordinates":[8.51029,47.35273]},"properties":{"nummer":"176","name":"Schützenhaus Albisgütli","wasserart":"Züriwasser"}},{"type":"Feature","geometry":{"type":"Point","coordinates":[8.57875,47.36739]},"properties":{"nummer":"309","name":"beim Restaurant","wasserart":"Züriwasser"}},{"type":"Feature","geometry":{"type":"Point","coordinates":[8.49171,47.36933]},"properties":{"nummer":"1258","name":null,"wasserart":"Quellwasser"}},{"type":"Feature","geometry":{"type":"Point","coordinates":[8.54399,47.36838]},"properties":{"nummer":"150","name":"Jubiläumsbrunnen 150 J. WVZ","wasserart":"Züriwasser"}},{"type":"Feature","geometry":{"type":"Point","coordinates":[8.53506,47.40901]},"properties":{"nummer":"475","name":"Birkenwäldli","wasserart":"Züriwasser"}},{"type":"Feature","geometry":{"type":"Point","coordinates":[8.55696,47.36849]},"properties":{"nummer":"315","name":null,"wasserart":"Quellwasser"}},{"type":"Feature","geometry":{"type":"Point","coordinates":[8.55508,47.3674]},"properties":{"nummer":"350","name":"Merkurplatz","wasserart":"Quellwasser"}},{"type":"Feature","geometry":{"type":"Point","coordinates":[8.5455,47.36675]},"properties":{"nummer":"59","name":"grosser Brunnen","wasserart":"Quellwasser"}},{"type":"Feature","geometry":{"type":"Point","coordinates":[8.59039,47.3586]},"properties":{"nummer":"362","name":"Marmor-Brunnen","wasserart":"Züriwasser"}},{"type":"Feature","geometry":{"type":"Point","coordinates":[8.58353,47.35837]},"properties":{"nummer":"356","name":null,"wasserart":"Züriwasser"}},{"type":"Feature","geometry":{"type":"Point","coordinates":[8.56884,47.36012]},"properties":{"nummer":"307","name":null,"wasserart":"Quellwasser"}},{"type":"Feature","geometry":{"type":"Point","coordinates":[8.56656,47.36408]},"properties":{"nummer":"353","name":null,"wasserart":"Züriwasser"}},{"type":"Feature","geometry":{"type":"Point","coordinates":[8.52926,47.3556]},"properties":{"nummer":"138","name":null,"wasserart":"Quellwasser"}},{"type":"Feature","geometry":{"type":"Point","coordinates":[8.53551,47.36344]},"properties":{"nummer":"156","name":null,"wasserart":"Züriwasser"}},{"type":"Feature","geometry":{"type":"Point","coordinates":[8.53673,47.39494]},"properties":{"nummer":"288","name":"Schulhaus Milchbuck","wasserart":"Züriwasser"}},{"type":"Feature","geometry":{"type":"Point","coordinates":[8.53384,47.38866]},"properties":{"nummer":"455","name":"Wasserspiel","wasserart":"Züriwasser"}},{"type":"Feature","geometry":{"type":"Point","coordinates":[8.4815,47.40532]},"properties":{"nummer":"464","name":"Endstation Frankental","wasserart":"Züriwasser"}},{"type":"Feature","geometry":{"type":"Point","coordinates":[8.51722,47.40072]},"properties":{"nummer":"452","name":"Waidterrasse","wasserart":"Züriwasser"}},{"type":"Feature","geometry":{"type":"Point","coordinates":[8.50524,47.39381]},"properties":{"nummer":"254","name":"vor Stadion Hardturm","wasserart":"Züriwasser"}},{"type":"Feature","geometry":{"type":"Point","coordinates":[8.57429,47.38409]},"properties":{"nummer":"352","name":"Zoo-Eingang","wasserart":"Züriwasser"}},{"type":"Feature","geometry":{"type":"Point","coordinates":[8.55832,47.35927]},"properties":{"nummer":"366","name":null,"wasserart":"Züriwasser"}},{"type":"Feature","geometry":{"type":"Point","coordinates":[8.56094,47.36043]},"properties":{"nummer":"393","name":null,"wasserart":"Quellwasser"}},{"type":"Feature","geometry":{"type":"Point","coordinates":[8.5955,47.35706]},"properties":{"nummer":"310","name":null,"wasserart":"Quellwasser"}},{"type":"Feature","geometry":{"type":"Point","coordinates":[8.5763,47.35346]},"properties":{"nummer":"385","name":null,"wasserart":"Quellwasser"}},{"type":"Feature","geometry":{"type":"Point","coordinates":[8.58038,47.35714]},"properties":{"nummer":"823","name":null,"wasserart":"Züriwasser"}},{"type":"Feature","geometry":{"type":"Point","coordinates":[8.58339,47.35083]},"properties":{"nummer":"403","name":"Tramhaltestelle Rehalp","wasserart":"Züriwasser"}},{"type":"Feature","geometry":{"type":"Point","coordinates":[8.58011,47.35114]},"properties":{"nummer":"399","name":null,"wasserart":"Quellwasser"}},{"type":"Feature","geometry":{"type":"Point","coordinates":[8.56812,47.35733]},"properties":{"nummer":"405","name":null,"wasserart":"Züriwasser"}},{"type":"Feature","geometry":{"type":"Point","coordinates":[8.59925,47.35417]},"properties":{"nummer":"1126","name":null,"wasserart":"Züriwasser"}},{"type":"Feature","geometry":{"type":"Point","coordinates":[8.57287,47.34886]},"properties":{"nummer":"368","name":"Enzenried 1","wasserart":"Quellwasser"}},{"type":"Feature","geometry":{"type":"Point","coordinates":[8.56761,47.35028]},"properties":{"nummer":"371","name":null,"wasserart":"Quellwasser"}},{"type":"Feature","geometry":{"type":"Point","coordinates":[8.60938,47.36191]},"properties":{"nummer":"306","name":"Luckenbrunnen","wasserart":"Züriwasser"}},{"type":"Feature","geometry":{"type":"Point","coordinates":[8.59369,47.35979]},"properties":{"nummer":"312","name":null,"wasserart":"Quellwasser"}},{"type":"Feature","geometry":{"type":"Point","coordinates":[8.56082,47.36199]},"properties":{"nummer":"346","name":null,"wasserart":"Quellwasser"}},{"type":"Feature","geometry":{"type":"Point","coordinates":[8.56614,47.352]},"properties":{"nummer":"384","name":null,"wasserart":"Quellwasser"}},{"type":"Feature","geometry":{"type":"Point","coordinates":[8.57183,47.36098]},"properties":{"nummer":"354","name":null,"wasserart":"Züriwasser"}},{"type":"Feature","geometry":{"type":"Point","coordinates":[8.60246,47.35671]},"properties":{"nummer":"345","name":"Witikon","wasserart":"Quellwasser"}},{"type":"Feature","geometry":{"type":"Point","coordinates":[8.57329,47.35571]},"properties":{"nummer":"1129","name":null,"wasserart":"Züriwasser"}},{"type":"Feature","geometry":{"type":"Point","coordinates":[8.55216,47.37011]},"properties":{"nummer":"337","name":"Loreley","wasserart":"Quellwasser"}},{"type":"Feature","geometry":{"type":"Point","coordinates":[8.54587,47.3663]},"properties":{"nummer":"1284","name":null,"wasserart":"Züriwasser"}},{"type":"Feature","geometry":{"type":"Point","coordinates":[8.55019,47.36898]},"properties":{"nummer":"40","name":null,"wasserart":"Quellwasser"}},{"type":"Feature","geometry":{"type":"Point","coordinates":[8.54525,47.36559]},"properties":{"nummer":"61","name":"bei Schifflände","wasserart":"Quellwasser"}},{"type":"Feature","geometry":{"type":"Point","coordinates":[8.54519,47.36904]},"properties":{"nummer":"878","name":null,"wasserart":"Quellwasser"}},{"type":"Feature","geometry":{"type":"Point","coordinates":[8.54794,47.36628]},"properties":{"nummer":"55","name":"Trinkbrunnen","wasserart":"Quellwasser"}},{"type":"Feature","geometry":{"type":"Point","coordinates":[8.54366,47.37133]},"properties":{"nummer":"73","name":null,"wasserart":"Quellwasser"}},{"type":"Feature","geometry":{"type":"Point","coordinates":[8.54468,47.37122]},"properties":{"nummer":"13","name":"im Meyershof","wasserart":"Quellwasser"}},{"type":"Feature","geometry":{"type":"Point","coordinates":[8.54468,47.37026]},"properties":{"nummer":"23","name":"Hintermünsterbrunnen","wasserart":"Quellwasser"}},{"type":"Feature","geometry":{"type":"Point","coordinates":[8.54771,47.36945]},"properties":{"nummer":"25","name":"oberer Hirschengraben","wasserart":"Züriwasser"}},{"type":"Feature","geometry":{"type":"Point","coordinates":[8.55421,47.36176]},"properties":{"nummer":"392","name":null,"wasserart":"Quellwasser"}},{"type":"Feature","geometry":{"type":"Point","coordinates":[8.51291,47.37672]},"properties":{"nummer":"174","name":"Fritschiwiese","wasserart":"Quellwasser"}},{"type":"Feature","geometry":{"type":"Point","coordinates":[8.54404,47.37642]},"properties":{"nummer":"67","name":"beim Central","wasserart":"Quellwasser"}},{"type":"Feature","geometry":{"type":"Point","coordinates":[8.54398,47.3749]},"properties":{"nummer":"64","name":null,"wasserart":"Quellwasser"}},{"type":"Feature","geometry":{"type":"Point","coordinates":[8.54425,47.37601]},"properties":{"nummer":"32","name":"Storchenbrunnen (ehemals)","wasserart":"Quellwasser"}},{"type":"Feature","geometry":{"type":"Point","coordinates":[8.54405,47.37382]},"properties":{"nummer":"28","name":null,"wasserart":"Quellwasser"}},{"type":"Feature","geometry":{"type":"Point","coordinates":[8.54489,47.37301]},"properties":{"nummer":"30","name":null,"wasserart":"Quellwasser"}},{"type":"Feature","geometry":{"type":"Point","coordinates":[8.54393,47.3732]},"properties":{"nummer":"62","name":"Hirschenplatz","wasserart":"Quellwasser"}},{"type":"Feature","geometry":{"type":"Point","coordinates":[8.54527,47.37362]},"properties":{"nummer":"11","name":"Froschschauerbrunnen","wasserart":"Quellwasser"}},{"type":"Feature","geometry":{"type":"Point","coordinates":[8.5433,47.37289]},"properties":{"nummer":"72","name":null,"wasserart":"Quellwasser"}},{"type":"Feature","geometry":{"type":"Point","coordinates":[8.54697,47.37293]},"properties":{"nummer":"19","name":null,"wasserart":"Quellwasser"}},{"type":"Feature","geometry":{"type":"Point","coordinates":[8.54512,47.37214]},"properties":{"nummer":"16","name":null,"wasserart":"Quellwasser"}},{"type":"Feature","geometry":{"type":"Point","coordinates":[8.54569,47.37244]},"properties":{"nummer":"6","name":"Jupiterbrunnen","wasserart":"Quellwasser"}},{"type":"Feature","geometry":{"type":"Point","coordinates":[8.55834,47.35459]},"properties":{"nummer":"397","name":null,"wasserart":"Quellwasser"}},{"type":"Feature","geometry":{"type":"Point","coordinates":[8.54751,47.35887]},"properties":{"nummer":"407","name":null,"wasserart":"Quellwasser"}},{"type":"Feature","geometry":{"type":"Point","coordinates":[8.54983,47.35891]},"properties":{"nummer":"369","name":null,"wasserart":"Quellwasser"}},{"type":"Feature","geometry":{"type":"Point","coordinates":[8.54949,47.35594]},"properties":{"nummer":"401","name":"Feldmannbrunnen","wasserart":"Züriwasser"}},{"type":"Feature","geometry":{"type":"Point","coordinates":[8.56417,47.34926]},"properties":{"nummer":"932","name":null,"wasserart":"Züriwasser"}},{"type":"Feature","geometry":{"type":"Point","coordinates":[8.55402,47.36506]},"properties":{"nummer":"304","name":null,"wasserart":"Quellwasser"}},{"type":"Feature","geometry":{"type":"Point","coordinates":[8.55152,47.36802]},"properties":{"nummer":"318","name":null,"wasserart":"Quellwasser"}},{"type":"Feature","geometry":{"type":"Point","coordinates":[8.55959,47.35174]},"properties":{"nummer":"406","name":null,"wasserart":"Züriwasser"}},{"type":"Feature","geometry":{"type":"Point","coordinates":[8.55201,47.35384]},"properties":{"nummer":"398","name":"Schweizerpsalm, Quaianlage Zürichhorn","wasserart":"Quellwasser"}},{"type":"Feature","geometry":{"type":"Point","coordinates":[8.5516,47.35795]},"properties":{"nummer":"391","name":null,"wasserart":"Quellwasser"}},{"type":"Feature","geometry":{"type":"Point","coordinates":[8.55483,47.3634]},"properties":{"nummer":"375","name":null,"wasserart":"Quellwasser"}},{"type":"Feature","geometry":{"type":"Point","coordinates":[8.54978,47.36332]},"properties":{"nummer":"410","name":null,"wasserart":"Quellwasser"}},{"type":"Feature","geometry":{"type":"Point","coordinates":[8.54742,47.36725]},"properties":{"nummer":"1086","name":"Stadelhofer-Passage","wasserart":"Züriwasser"}},{"type":"Feature","geometry":{"type":"Point","coordinates":[8.54658,47.36829]},"properties":{"nummer":"56","name":"Waldmannbrunnen","wasserart":"Züriwasser"}},{"type":"Feature","geometry":{"type":"Point","coordinates":[8.53671,47.41456]},"properties":{"nummer":"1207","name":"Trinkbrunnen Modell Bracher","wasserart":"Quellwasser"}},{"type":"Feature","geometry":{"type":"Point","coordinates":[8.53913,47.4149]},"properties":{"nummer":"1208","name":"Trinkbrunnen Modell Bracher","wasserart":"Quellwasser"}},{"type":"Feature","geometry":{"type":"Point","coordinates":[8.54472,47.36703]},"properties":{"nummer":"58","name":"kleiner Brunnen mit Möwe","wasserart":"Quellwasser"}},{"type":"Feature","geometry":{"type":"Point","coordinates":[8.54581,47.36562]},"properties":{"nummer":"1285","name":null,"wasserart":"Quellwasser"}},{"type":"Feature","geometry":{"type":"Point","coordinates":[8.57193,47.35822]},"properties":{"nummer":"389","name":null,"wasserart":"Quellwasser"}},{"type":"Feature","geometry":{"type":"Point","coordinates":[8.54372,47.3725]},"properties":{"nummer":"9","name":"Stüssibrunnen","wasserart":"Quellwasser"}},{"type":"Feature","geometry":{"type":"Point","coordinates":[8.56485,47.37099]},"properties":{"nummer":"338","name":null,"wasserart":"Quellwasser"}},{"type":"Feature","geometry":{"type":"Point","coordinates":[8.56405,47.36637]},"properties":{"nummer":"308","name":null,"wasserart":"Quellwasser"}},{"type":"Feature","geometry":{"type":"Point","coordinates":[8.55385,47.37053]},"properties":{"nummer":"322","name":null,"wasserart":"Quellwasser"}},{"type":"Feature","geometry":{"type":"Point","coordinates":[8.5544,47.36927]},"properties":{"nummer":"311","name":null,"wasserart":"Quellwasser"}},{"type":"Feature","geometry":{"type":"Point","coordinates":[8.56977,47.36449]},"properties":{"nummer":"339","name":null,"wasserart":"Züriwasser"}},{"type":"Feature","geometry":{"type":"Point","coordinates":[8.57077,47.36901]},"properties":{"nummer":"1054","name":"Pumpwerk Sonnenberg","wasserart":"Züriwasser"}},{"type":"Feature","geometry":{"type":"Point","coordinates":[8.56276,47.36326]},"properties":{"nummer":"596","name":"Schulhaus Freiestrasse","wasserart":"Züriwasser"}},{"type":"Feature","geometry":{"type":"Point","coordinates":[8.51689,47.36754]},"properties":{"nummer":"556","name":"Kindergartengebäude","wasserart":"Züriwasser"}},{"type":"Feature","geometry":{"type":"Point","coordinates":[8.49868,47.36968]},"properties":{"nummer":"1149","name":null,"wasserart":"Züriwasser"}},{"type":"Feature","geometry":{"type":"Point","coordinates":[8.50541,47.36024]},"properties":{"nummer":"558.1","name":"Schulhaus Friesenberg","wasserart":"Züriwasser"}},{"type":"Feature","geometry":{"type":"Point","coordinates":[8.50575,47.35868]},"properties":{"nummer":"558.2","name":"Schulhaus Friesenberg","wasserart":"Züriwasser"}},{"type":"Feature","geometry":{"type":"Point","coordinates":[8.53023,47.39139]},"properties":{"nummer":"640.1","name":"Turnhalle und hinter Spielwiese","wasserart":"Züriwasser"}},{"type":"Feature","geometry":{"type":"Point","coordinates":[8.53154,47.39029]},"properties":{"nummer":"640.2","name":"Turnhalle und hinter Spielwiese","wasserart":"Züriwasser"}},{"type":"Feature","geometry":{"type":"Point","coordinates":[8.53309,47.38923]},"properties":{"nummer":"637","name":"Schulhaus Letten Im Hofe","wasserart":"Züriwasser"}},{"type":"Feature","geometry":{"type":"Point","coordinates":[8.53605,47.38659]},"properties":{"nummer":"1041","name":"Schindlergut","wasserart":"Züriwasser"}},{"type":"Feature","geometry":{"type":"Point","coordinates":[8.49592,47.37934]},"properties":{"nummer":"920.1","name":"Sportplatz Utogrund","wasserart":"Züriwasser"}},{"type":"Feature","geometry":{"type":"Point","coordinates":[8.532,47.38235]},"properties":{"nummer":"578","name":"Gewerbeschulhaus","wasserart":"Quellwasser"}},{"type":"Feature","geometry":{"type":"Point","coordinates":[8.52903,47.38578]},"properties":{"nummer":"577","name":"Im Hofe","wasserart":"Züriwasser"}},{"type":"Feature","geometry":{"type":"Point","coordinates":[8.50692,47.37753]},"properties":{"nummer":"551","name":"Friedhof Sihlfeld D","wasserart":"Züriwasser"}},{"type":"Feature","geometry":{"type":"Point","coordinates":[8.52249,47.3783]},"properties":{"nummer":"569","name":"Schulhaus Feldstrasse","wasserart":"Quellwasser"}},{"type":"Feature","geometry":{"type":"Point","coordinates":[8.52525,47.37866]},"properties":{"nummer":"571","name":"Schulhaus Hohlstrasse","wasserart":"Quellwasser"}},{"type":"Feature","geometry":{"type":"Point","coordinates":[8.51262,47.37401]},"properties":{"nummer":"549","name":"Schulhaus Aemtlerstrasse","wasserart":"Züriwasser"}},{"type":"Feature","geometry":{"type":"Point","coordinates":[8.51739,47.37192]},"properties":{"nummer":"548","name":"Schulhaus Zurlindenstrasse","wasserart":"Quellwasser"}},{"type":"Feature","geometry":{"type":"Point","coordinates":[8.52572,47.37524]},"properties":{"nummer":"572","name":"Schulhaus Kanzleistrasse","wasserart":"Quellwasser"}},{"type":"Feature","geometry":{"type":"Point","coordinates":[8.52337,47.37538]},"properties":{"nummer":"566","name":"Schulhaus Wengi","wasserart":"Züriwasser"}},{"type":"Feature","geometry":{"type":"Point","coordinates":[8.5306,47.38614]},"properties":{"nummer":"582","name":"Schulhaus Kornhausbrücke","wasserart":"Züriwasser"}},{"type":"Feature","geometry":{"type":"Point","coordinates":[8.47355,47.38884]},"properties":{"nummer":"912","name":"Schulhaus Chriesiweg","wasserart":"Züriwasser"}},{"type":"Feature","geometry":{"type":"Point","coordinates":[8.48182,47.388]},"properties":{"nummer":"623","name":"Schulhaus Dachslernstrasse","wasserart":"Züriwasser"}},{"type":"Feature","geometry":{"type":"Point","coordinates":[8.4599,47.38117]},"properties":{"nummer":"717","name":"Korporationswald Altstetten","wasserart":"Quellwasser"}},{"type":"Feature","geometry":{"type":"Point","coordinates":[8.48602,47.38519]},"properties":{"nummer":"630","name":"Schulhaus Eugen Huber-Strasse","wasserart":"Züriwasser"}},{"type":"Feature","geometry":{"type":"Point","coordinates":[8.48609,47.38083]},"properties":{"nummer":"635","name":"GZ bei Volière","wasserart":"Züriwasser"}},{"type":"Feature","geometry":{"type":"Point","coordinates":[8.47218,47.38185]},"properties":{"nummer":"734","name":null,"wasserart":"Quellwasser"}},{"type":"Feature","geometry":{"type":"Point","coordinates":[8.46805,47.37729]},"properties":{"nummer":"735","name":"Bachtobelweg, bei Grossmutter E","wasserart":"Quellwasser"}},{"type":"Feature","geometry":{"type":"Point","coordinates":[8.47842,47.37524]},"properties":{"nummer":"1005","name":"Schiessplatz + Fam.-Erholungsanlage","wasserart":"Züriwasser"}},{"type":"Feature","geometry":{"type":"Point","coordinates":[8.49067,47.35115]},"properties":{"nummer":"715","name":"Uetliberg bei Fernsehstation","wasserart":"Züriwasser"}},{"type":"Feature","geometry":{"type":"Point","coordinates":[8.49519,47.34678]},"properties":{"nummer":"714","name":"beim Rest. Staffel","wasserart":"Züriwasser"}},{"type":"Feature","geometry":{"type":"Point","coordinates":[8.51302,47.42359]},"properties":{"nummer":"1162","name":"Altersheim Wolfswinkel","wasserart":"Züriwasser"}},{"type":"Feature","geometry":{"type":"Point","coordinates":[8.57423,47.39796]},"properties":{"nummer":"705","name":"auf der Höhe","wasserart":"Züriwasser"}},{"type":"Feature","geometry":{"type":"Point","coordinates":[8.57282,47.40537]},"properties":{"nummer":"1073","name":null,"wasserart":"Züriwasser"}},{"type":"Feature","geometry":{"type":"Point","coordinates":[8.52149,47.41053]},"properties":{"nummer":"689","name":"Kinderspielplatz","wasserart":"Züriwasser"}},{"type":"Feature","geometry":{"type":"Point","coordinates":[8.57347,47.40881]},"properties":{"nummer":"679.1","name":"Schulhaus Herzogenmühle","wasserart":"Züriwasser"}},{"type":"Feature","geometry":{"type":"Point","coordinates":[8.56799,47.40476]},"properties":{"nummer":"658","name":"Schulhaus Friedrichstrasse 21","wasserart":"Züriwasser"}},{"type":"Feature","geometry":{"type":"Point","coordinates":[8.50095,47.4167]},"properties":{"nummer":"1165","name":null,"wasserart":"Züriwasser"}},{"type":"Feature","geometry":{"type":"Point","coordinates":[8.48932,47.41677]},"properties":{"nummer":"1087","name":null,"wasserart":"Züriwasser"}},{"type":"Feature","geometry":{"type":"Point","coordinates":[8.51307,47.4067]},"properties":{"nummer":"998","name":"oberh.  ETH-Hönggerberg","wasserart":"Züriwasser"}},{"type":"Feature","geometry":{"type":"Point","coordinates":[8.50666,47.40114]},"properties":{"nummer":"1068","name":"Reservoir Höngg","wasserart":"Züriwasser"}},{"type":"Feature","geometry":{"type":"Point","coordinates":[8.53887,47.40187]},"properties":{"nummer":"592.1","name":"Schulhaus Allenmoos I","wasserart":"Züriwasser"}},{"type":"Feature","geometry":{"type":"Point","coordinates":[8.50412,47.41888]},"properties":{"nummer":"685","name":"Schulhaus Holderbach","wasserart":"Züriwasser"}},{"type":"Feature","geometry":{"type":"Point","coordinates":[8.54288,47.42071]},"properties":{"nummer":"652","name":"Schuhlhaus Buhnrain 40","wasserart":"Züriwasser"}},{"type":"Feature","geometry":{"type":"Point","coordinates":[8.48461,47.41468]},"properties":{"nummer":"704","name":"Heizenholz","wasserart":"Züriwasser"}},{"type":"Feature","geometry":{"type":"Point","coordinates":[8.54199,47.38831]},"properties":{"nummer":"583","name":"Schulhaus Röslistrasse   Turnhalle","wasserart":"Züriwasser"}},{"type":"Feature","geometry":{"type":"Point","coordinates":[8.53998,47.3891]},"properties":{"nummer":"589","name":"Schulhaus Weinbergstrasse","wasserart":"Züriwasser"}},{"type":"Feature","geometry":{"type":"Point","coordinates":[8.56705,47.3907]},"properties":{"nummer":"725","name":"im Steilhang","wasserart":"Quellwasser"}},{"type":"Feature","geometry":{"type":"Point","coordinates":[8.56345,47.39263]},"properties":{"nummer":"726","name":"Bahnholz-/Waldhüslistrasse","wasserart":"Quellwasser"}},{"type":"Feature","geometry":{"type":"Point","coordinates":[8.54346,47.389]},"properties":{"nummer":"584","name":"Schulhaus Riedtlistrasse","wasserart":"Züriwasser"}},{"type":"Feature","geometry":{"type":"Point","coordinates":[8.53241,47.36081]},"properties":{"nummer":"530","name":"Schulhaus Lavater","wasserart":"Quellwasser"}},{"type":"Feature","geometry":{"type":"Point","coordinates":[8.53102,47.35989]},"properties":{"nummer":"532","name":"Kindergarten","wasserart":"Züriwasser"}},{"type":"Feature","geometry":{"type":"Point","coordinates":[8.56148,47.35638]},"properties":{"nummer":"611","name":"Schulhaus Kartausstrasse","wasserart":"Züriwasser"}},{"type":"Feature","geometry":{"type":"Point","coordinates":[8.55437,47.35606]},"properties":{"nummer":"619","name":"Spielwiese","wasserart":"Züriwasser"}},{"type":"Feature","geometry":{"type":"Point","coordinates":[8.49793,47.34525]},"properties":{"nummer":"1153","name":"Schutzhütte Annaburg","wasserart":"Züriwasser"}},{"type":"Feature","geometry":{"type":"Point","coordinates":[8.52864,47.41092]},"properties":{"nummer":"1033","name":"Schulschwimmanlage Kügeliloo","wasserart":"Züriwasser"}},{"type":"Feature","geometry":{"type":"Point","coordinates":[8.53682,47.38262]},"properties":{"nummer":"581","name":"Schulhaus","wasserart":"Züriwasser"}},{"type":"Feature","geometry":{"type":"Point","coordinates":[8.53094,47.33008]},"properties":{"nummer":"950.1","name":"Trinkbrunnen SWW Moos","wasserart":"Züriwasser"}},{"type":"Feature","geometry":{"type":"Point","coordinates":[8.53048,47.33001]},"properties":{"nummer":"950.2","name":"Springbrunnen SWW Moos","wasserart":"Züriwasser"}},{"type":"Feature","geometry":{"type":"Point","coordinates":[8.52782,47.33743]},"properties":{"nummer":"538.2","name":"Schulhaus Entlisberg","wasserart":"Züriwasser"}},{"type":"Feature","geometry":{"type":"Point","coordinates":[8.48788,47.37368]},"properties":{"nummer":"626","name":"Schulhaus In der Ey","wasserart":"Züriwasser"}},{"type":"Feature","geometry":{"type":"Point","coordinates":[8.52712,47.33788]},"properties":{"nummer":"538.1","name":"Schulhaus Entlisberg","wasserart":"Züriwasser"}},{"type":"Feature","geometry":{"type":"Point","coordinates":[8.49762,47.37843]},"properties":{"nummer":"920.2","name":"Sportplatz Utogrund","wasserart":"Züriwasser"}},{"type":"Feature","geometry":{"type":"Point","coordinates":[8.51662,47.33344]},"properties":{"nummer":"531","name":"Schulhaus Leimbach","wasserart":"Züriwasser"}},{"type":"Feature","geometry":{"type":"Point","coordinates":[8.4733,47.38815]},"properties":{"nummer":"990","name":"Schulhaus Loogarten","wasserart":"Züriwasser"}},{"type":"Feature","geometry":{"type":"Point","coordinates":[8.50131,47.4107]},"properties":{"nummer":"728","name":"Holderbachhütte","wasserart":"Züriwasser"}},{"type":"Feature","geometry":{"type":"Point","coordinates":[8.57788,47.38249]},"properties":{"nummer":"1197","name":"Charlybrunnen","wasserart":"Züriwasser"}},{"type":"Feature","geometry":{"type":"Point","coordinates":[8.53595,47.34519]},"properties":{"nummer":"545","name":"GZ Wollishofen","wasserart":"Züriwasser"}},{"type":"Feature","geometry":{"type":"Point","coordinates":[8.59748,47.3672]},"properties":{"nummer":"708","name":"Eulenbrunnen","wasserart":"Quellwasser"}},{"type":"Feature","geometry":{"type":"Point","coordinates":[8.53402,47.34243]},"properties":{"nummer":"528","name":"Schulhaus Wollishofen","wasserart":"Züriwasser"}},{"type":"Feature","geometry":{"type":"Point","coordinates":[8.56253,47.40293]},"properties":{"nummer":"1107","name":"bei WVZ-Wasserabgabeschacht","wasserart":"Züriwasser"}},{"type":"Feature","geometry":{"type":"Point","coordinates":[8.5605,47.36871]},"properties":{"nummer":"602","name":"unterhalb Turnhalle","wasserart":"Quellwasser"}},{"type":"Feature","geometry":{"type":"Point","coordinates":[8.54022,47.42739]},"properties":{"nummer":"681","name":"Schulhaus Buchwiesen III, Schulpavillon","wasserart":"Züriwasser"}},{"type":"Feature","geometry":{"type":"Point","coordinates":[8.51501,47.41216]},"properties":{"nummer":"690","name":"Areal städt. Wohnkolonie","wasserart":"Züriwasser"}},{"type":"Feature","geometry":{"type":"Point","coordinates":[8.51047,47.37557]},"properties":{"nummer":"550.2","name":"Friedhof Sihlfeld A","wasserart":"Quellwasser"}},{"type":"Feature","geometry":{"type":"Point","coordinates":[8.51028,47.3757]},"properties":{"nummer":"550.1","name":"Friedhof Sihlfeld A","wasserart":"Quellwasser"}},{"type":"Feature","geometry":{"type":"Point","coordinates":[8.50841,47.42296]},"properties":{"nummer":"650","name":"Kindergarten","wasserart":"Züriwasser"}},{"type":"Feature","geometry":{"type":"Point","coordinates":[8.49249,47.37235]},"properties":{"nummer":"1226","name":"Schulhaus Altweg","wasserart":"Züriwasser"}},{"type":"Feature","geometry":{"type":"Point","coordinates":[8.57311,47.34946]},"properties":{"nummer":"622","name":"Filteranlage Lengg","wasserart":"Züriwasser"}},{"type":"Feature","geometry":{"type":"Point","coordinates":[8.58287,47.40419]},"properties":{"nummer":"676.1","name":"Schulhaus Luchswiesen","wasserart":"Züriwasser"}},{"type":"Feature","geometry":{"type":"Point","coordinates":[8.58344,47.40423]},"properties":{"nummer":"676.2","name":"Schulhaus Luchswiesen","wasserart":"Züriwasser"}},{"type":"Feature","geometry":{"type":"Point","coordinates":[8.51498,47.32593]},"properties":{"nummer":"1016","name":"Altersheim Mittelleimbach","wasserart":"Züriwasser"}},{"type":"Feature","geometry":{"type":"Point","coordinates":[8.51406,47.42332]},"properties":{"nummer":"1032","name":"Primarschulhaus Isengrind","wasserart":"Züriwasser"}},{"type":"Feature","geometry":{"type":"Point","coordinates":[8.54485,47.42072]},"properties":{"nummer":"1034","name":"bei Schulschwimmanlage Buhn","wasserart":"Züriwasser"}},{"type":"Feature","geometry":{"type":"Point","coordinates":[8.53122,47.333]},"properties":{"nummer":"1035","name":"Seewasserwerk Moos","wasserart":"Züriwasser"}},{"type":"Feature","geometry":{"type":"Point","coordinates":[8.47844,47.38398]},"properties":{"nummer":"1040","name":"Schulhaus Buchlern","wasserart":"Züriwasser"}},{"type":"Feature","geometry":{"type":"Point","coordinates":[8.47929,47.38402]},"properties":{"nummer":"1039","name":"Schulhaus Buchlern","wasserart":"Züriwasser"}},{"type":"Feature","geometry":{"type":"Point","coordinates":[8.51021,47.42507]},"properties":{"nummer":"1085","name":"Gemeinschaftszentrum Pro Juventute","wasserart":"Züriwasser"}},{"type":"Feature","geometry":{"type":"Point","coordinates":[8.5069,47.40164]},"properties":{"nummer":"1095","name":null,"wasserart":"Züriwasser"}},{"type":"Feature","geometry":{"type":"Point","coordinates":[8.51735,47.39518]},"properties":{"nummer":"1100.2","name":"Altersheim Sydefädeli","wasserart":"Züriwasser"}},{"type":"Feature","geometry":{"type":"Point","coordinates":[8.50968,47.38255]},"properties":{"nummer":"1106","name":"Schulhaus Hardau","wasserart":"Züriwasser"}},{"type":"Feature","geometry":{"type":"Point","coordinates":[8.53318,47.408]},"properties":{"nummer":"1116.1","name":"Sportplatz","wasserart":"Züriwasser"}},{"type":"Feature","geometry":{"type":"Point","coordinates":[8.54718,47.39314]},"properties":{"nummer":"1166","name":"Altersheim Oberstrass","wasserart":"Züriwasser"}},{"type":"Feature","geometry":{"type":"Point","coordinates":[8.47907,47.41222]},"properties":{"nummer":"1188","name":"Schulhaus","wasserart":"Züriwasser"}},{"type":"Feature","geometry":{"type":"Point","coordinates":[8.51235,47.33246]},"properties":{"nummer":"1190","name":"Friedhof","wasserart":"Züriwasser"}},{"type":"Feature","geometry":{"type":"Point","coordinates":[8.47711,47.3807]},"properties":{"nummer":"1191","name":"Sportanlage Buchlern","wasserart":"Züriwasser"}},{"type":"Feature","geometry":{"type":"Point","coordinates":[8.53511,47.34241]},"properties":{"nummer":"1192","name":null,"wasserart":"Züriwasser"}},{"type":"Feature","geometry":{"type":"Point","coordinates":[8.50323,47.36738]},"properties":{"nummer":"1198","name":"GZ Heuried","wasserart":"Züriwasser"}},{"type":"Feature","geometry":{"type":"Point","coordinates":[8.49583,47.36547]},"properties":{"nummer":"1202.3","name":"Stadtspital Triemli, Maternité. Trinkbrunnen","wasserart":"Züriwasser"}},{"type":"Feature","geometry":{"type":"Point","coordinates":[8.49774,47.36558]},"properties":{"nummer":"1202.2","name":"Stadtspital Triemli, Spital","wasserart":"Züriwasser"}},{"type":"Feature","geometry":{"type":"Point","coordinates":[8.49744,47.36595]},"properties":{"nummer":"1202.1","name":"Stadtspital Triemli, Spital","wasserart":"Züriwasser"}},{"type":"Feature","geometry":{"type":"Point","coordinates":[8.54678,47.38428]},"properties":{"nummer":"1227","name":"Schulhaus Scherr","wasserart":"Züriwasser"}},{"type":"Feature","geometry":{"type":"Point","coordinates":[8.5444,47.37011]},"properties":{"nummer":"515","name":null,"wasserart":"Quellwasser"}},{"type":"Feature","geometry":{"type":"Point","coordinates":[8.54779,47.37367]},"properties":{"nummer":"517.3","name":"Schulhaus Hirschengraben","wasserart":"Quellwasser"}},{"type":"Feature","geometry":{"type":"Point","coordinates":[8.54748,47.37384]},"properties":{"nummer":"517.2","name":"Schulhaus Hirschengraben","wasserart":"Quellwasser"}},{"type":"Feature","geometry":{"type":"Point","coordinates":[8.54735,47.37379]},"properties":{"nummer":"517.1","name":"Schulhaus Hirschengraben","wasserart":"Quellwasser"}},{"type":"Feature","geometry":{"type":"Point","coordinates":[8.54846,47.37153]},"properties":{"nummer":"521","name":"Schulhaus Wolfbach","wasserart":"Züriwasser"}},{"type":"Feature","geometry":{"type":"Point","coordinates":[8.54603,47.37683]},"properties":{"nummer":"522","name":"Pfrundhaus","wasserart":"Züriwasser"}},{"type":"Feature","geometry":{"type":"Point","coordinates":[8.52672,47.34808]},"properties":{"nummer":"536","name":"Schulhaus Manegg","wasserart":"Züriwasser"}},{"type":"Feature","geometry":{"type":"Point","coordinates":[8.52662,47.34006]},"properties":{"nummer":"537","name":"beim Kindergarten","wasserart":"Züriwasser"}},{"type":"Feature","geometry":{"type":"Point","coordinates":[8.51702,47.33339]},"properties":{"nummer":"539","name":"beim Kindergarten","wasserart":"Züriwasser"}},{"type":"Feature","geometry":{"type":"Point","coordinates":[8.53315,47.33837]},"properties":{"nummer":"540","name":"Schulpavillon","wasserart":"Züriwasser"}},{"type":"Feature","geometry":{"type":"Point","coordinates":[8.51548,47.33357]},"properties":{"nummer":"541","name":"Schulhaus Leimbach Falletsche","wasserart":"Züriwasser"}},{"type":"Feature","geometry":{"type":"Point","coordinates":[8.51632,47.36846]},"properties":{"nummer":"547","name":"Schulhaus Bühl B","wasserart":"Züriwasser"}},{"type":"Feature","geometry":{"type":"Point","coordinates":[8.51677,47.37328]},"properties":{"nummer":"557","name":"Kindergartengebäude","wasserart":"Züriwasser"}},{"type":"Feature","geometry":{"type":"Point","coordinates":[8.50375,47.37154]},"properties":{"nummer":"560","name":"Schulhaus Im Gut","wasserart":"Züriwasser"}},{"type":"Feature","geometry":{"type":"Point","coordinates":[8.50355,47.36835]},"properties":{"nummer":"562","name":"Kindergarten","wasserart":"Züriwasser"}},{"type":"Feature","geometry":{"type":"Point","coordinates":[8.50283,47.36822]},"properties":{"nummer":"563.1","name":"Schulhaus Küngenmatt","wasserart":"Züriwasser"}},{"type":"Feature","geometry":{"type":"Point","coordinates":[8.50519,47.37969]},"properties":{"nummer":"1236","name":"Heiligfeld, Wasserspiel auf Spielplatz","wasserart":"Quellwasser"}},{"type":"Feature","geometry":{"type":"Point","coordinates":[8.53748,47.39589]},"properties":{"nummer":"586.1","name":"Schulhaus Milchbuck","wasserart":"Züriwasser"}},{"type":"Feature","geometry":{"type":"Point","coordinates":[8.5418,47.3879]},"properties":{"nummer":"588","name":"Schulhaus Turnerstrasse","wasserart":"Züriwasser"}},{"type":"Feature","geometry":{"type":"Point","coordinates":[8.56508,47.36242]},"properties":{"nummer":"597","name":"Schulhaus Hofackerstrasse  Turnhalle","wasserart":"Züriwasser"}},{"type":"Feature","geometry":{"type":"Point","coordinates":[8.55641,47.36957]},"properties":{"nummer":"599","name":"beim Kreisgebäude","wasserart":"Züriwasser"}},{"type":"Feature","geometry":{"type":"Point","coordinates":[8.58686,47.35701]},"properties":{"nummer":"607","name":"Schulhaus Langmatt","wasserart":"Züriwasser"}},{"type":"Feature","geometry":{"type":"Point","coordinates":[8.5654,47.38167]},"properties":{"nummer":"608","name":"Schulhaus Heubeeribüel","wasserart":"Züriwasser"}},{"type":"Feature","geometry":{"type":"Point","coordinates":[8.59679,47.36138]},"properties":{"nummer":"610.1","name":"Schulhaus Looren A","wasserart":"Züriwasser"}},{"type":"Feature","geometry":{"type":"Point","coordinates":[8.55887,47.36081]},"properties":{"nummer":"612","name":"Anlagen bei der Kirchen","wasserart":"Züriwasser"}},{"type":"Feature","geometry":{"type":"Point","coordinates":[8.57763,47.35412]},"properties":{"nummer":"620","name":"Schulhaus Balgrist","wasserart":"Züriwasser"}},{"type":"Feature","geometry":{"type":"Point","coordinates":[8.48639,47.38597]},"properties":{"nummer":"624","name":"Schulhaus Altstetterstrasse","wasserart":"Züriwasser"}},{"type":"Feature","geometry":{"type":"Point","coordinates":[8.48164,47.39012]},"properties":{"nummer":"631","name":"Schulhaus Herrlig, Kindergarten","wasserart":"Züriwasser"}},{"type":"Feature","geometry":{"type":"Point","coordinates":[8.52674,47.39479]},"properties":{"nummer":"648.2","name":"Schulhaus Nordstrasse , Pausenplatz","wasserart":"Züriwasser"}},{"type":"Feature","geometry":{"type":"Point","coordinates":[8.52656,47.39499]},"properties":{"nummer":"648.1","name":"Schulhaus Nordstrasse , Pausenplatz","wasserart":"Züriwasser"}},{"type":"Feature","geometry":{"type":"Point","coordinates":[8.54151,47.40787]},"properties":{"nummer":"653.2","name":"Schulhaus Gubel A und B","wasserart":"Züriwasser"}},{"type":"Feature","geometry":{"type":"Point","coordinates":[8.54467,47.40654]},"properties":{"nummer":"654","name":"Schulhaus Ligusterstrasse","wasserart":"Züriwasser"}},{"type":"Feature","geometry":{"type":"Point","coordinates":[8.57832,47.40089]},"properties":{"nummer":"664","name":"Schulpavillon","wasserart":"Züriwasser"}},{"type":"Feature","geometry":{"type":"Point","coordinates":[8.52262,47.41183]},"properties":{"nummer":"666.1","name":"Schulhaus Käferholz","wasserart":"Züriwasser"}},{"type":"Feature","geometry":{"type":"Point","coordinates":[8.56723,47.40461]},"properties":{"nummer":"667","name":"Schulhaus Ahornstrasse 8","wasserart":"Züriwasser"}},{"type":"Feature","geometry":{"type":"Point","coordinates":[8.5126,47.41842]},"properties":{"nummer":"669","name":"Schulhaus Riedenhalden","wasserart":"Züriwasser"}},{"type":"Feature","geometry":{"type":"Point","coordinates":[8.56224,47.40824]},"properties":{"nummer":"670.2","name":"Schulhaus Saatlen","wasserart":"Züriwasser"}},{"type":"Feature","geometry":{"type":"Point","coordinates":[8.56292,47.40858]},"properties":{"nummer":"670.1","name":"Schulhaus Saatlen","wasserart":"Züriwasser"}},{"type":"Feature","geometry":{"type":"Point","coordinates":[8.54008,47.42704]},"properties":{"nummer":"672","name":"Schulhaus Buchwiesen","wasserart":"Züriwasser"}},{"type":"Feature","geometry":{"type":"Point","coordinates":[8.57698,47.40148]},"properties":{"nummer":"673","name":"Schulhaus Probstei","wasserart":"Züriwasser"}},{"type":"Feature","geometry":{"type":"Point","coordinates":[8.56602,47.40462]},"properties":{"nummer":"678","name":"Schulhaus Luegisland","wasserart":"Züriwasser"}},{"type":"Feature","geometry":{"type":"Point","coordinates":[8.58861,47.39864]},"properties":{"nummer":"680","name":"Schulhaus Mattenhof","wasserart":"Züriwasser"}},{"type":"Feature","geometry":{"type":"Point","coordinates":[8.58832,47.39379]},"properties":{"nummer":"682","name":"Gfellergut","wasserart":"Züriwasser"}},{"type":"Feature","geometry":{"type":"Point","coordinates":[8.52101,47.41481]},"properties":{"nummer":"684","name":"Schulhaus Hürstholz","wasserart":"Züriwasser"}},{"type":"Feature","geometry":{"type":"Point","coordinates":[8.51126,47.41949]},"properties":{"nummer":"686.1","name":"Schulhaus Riedenhalde B","wasserart":"Züriwasser"}},{"type":"Feature","geometry":{"type":"Point","coordinates":[8.53549,47.41898]},"properties":{"nummer":"691","name":"Schulhaus Staudenbühl","wasserart":"Züriwasser"}},{"type":"Feature","geometry":{"type":"Point","coordinates":[8.52449,47.36964]},"properties":{"nummer":"814","name":"Im Hofe der Brandwache","wasserart":"Züriwasser"}},{"type":"Feature","geometry":{"type":"Point","coordinates":[8.50085,47.39874]},"properties":{"nummer":"848","name":null,"wasserart":"Züriwasser"}},{"type":"Feature","geometry":{"type":"Point","coordinates":[8.5045,47.39958]},"properties":{"nummer":"856","name":null,"wasserart":"Züriwasser"}},{"type":"Feature","geometry":{"type":"Point","coordinates":[8.50054,47.40133]},"properties":{"nummer":"913","name":null,"wasserart":"Züriwasser"}},{"type":"Feature","geometry":{"type":"Point","coordinates":[8.58046,47.40152]},"properties":{"nummer":"928.1","name":"Schulhaus Stettbach","wasserart":"Züriwasser"}},{"type":"Feature","geometry":{"type":"Point","coordinates":[8.58165,47.40086]},"properties":{"nummer":"928.2","name":"Schulhaus Stettbach","wasserart":"Züriwasser"}},{"type":"Feature","geometry":{"type":"Point","coordinates":[8.54806,47.42412]},"properties":{"nummer":"943.1","name":"Freibad Seebach","wasserart":"Züriwasser"}},{"type":"Feature","geometry":{"type":"Point","coordinates":[8.54797,47.42341]},"properties":{"nummer":"943.2","name":"Freibad Seebach","wasserart":"Züriwasser"}},{"type":"Feature","geometry":{"type":"Point","coordinates":[8.54731,47.42359]},"properties":{"nummer":"943.3","name":"Freibad Seebach","wasserart":"Züriwasser"}},{"type":"Feature","geometry":{"type":"Point","coordinates":[8.54382,47.42461]},"properties":{"nummer":"949.1","name":"Freizeitanlage","wasserart":"Züriwasser"}},{"type":"Feature","geometry":{"type":"Point","coordinates":[8.54469,47.42442]},"properties":{"nummer":"949.2","name":"Freizeitanlage","wasserart":"Züriwasser"}},{"type":"Feature","geometry":{"type":"Point","coordinates":[8.47322,47.37997]},"properties":{"nummer":"974","name":"beim Reservoir","wasserart":"Züriwasser"}},{"type":"Feature","geometry":{"type":"Point","coordinates":[8.52667,47.33424]},"properties":{"nummer":"977.1","name":"Krankenheim Entlisberg, beim Personalhaus","wasserart":"Züriwasser"}},{"type":"Feature","geometry":{"type":"Point","coordinates":[8.52766,47.33421]},"properties":{"nummer":"977.2","name":"Krankenheim Entlisberg, beim Heimtrakt","wasserart":"Züriwasser"}},{"type":"Feature","geometry":{"type":"Point","coordinates":[8.51616,47.32688]},"properties":{"nummer":"979","name":"Schulhaus","wasserart":"Züriwasser"}},{"type":"Feature","geometry":{"type":"Point","coordinates":[8.5572,47.35717]},"properties":{"nummer":"983.1","name":null,"wasserart":"Züriwasser"}},{"type":"Feature","geometry":{"type":"Point","coordinates":[8.51076,47.35365]},"properties":{"nummer":"988","name":"Wohnüberbauung","wasserart":"Züriwasser"}},{"type":"Feature","geometry":{"type":"Point","coordinates":[8.50467,47.36002]},"properties":{"nummer":"991","name":"Schulhaus Borrweg","wasserart":"Züriwasser"}},{"type":"Feature","geometry":{"type":"Point","coordinates":[8.51696,47.39929]},"properties":{"nummer":"994","name":"Krankenheim Käferberg","wasserart":"Züriwasser"}},{"type":"Feature","geometry":{"type":"Point","coordinates":[8.59362,47.39998]},"properties":{"nummer":"995","name":"Krankenheim Mattenhof","wasserart":"Züriwasser"}},{"type":"Feature","geometry":{"type":"Point","coordinates":[8.50336,47.36806]},"properties":{"nummer":"563.2","name":"Schulhaus Küngenmatt","wasserart":"Züriwasser"}},{"type":"Feature","geometry":{"type":"Point","coordinates":[8.48157,47.38016]},"properties":{"nummer":"632.2","name":"Schulhaus Untermoos","wasserart":"Züriwasser"}},{"type":"Feature","geometry":{"type":"Point","coordinates":[8.54125,47.40802]},"properties":{"nummer":"653.1","name":"Schulhaus Gubel A und B","wasserart":"Züriwasser"}},{"type":"Feature","geometry":{"type":"Point","coordinates":[8.52315,47.41165]},"properties":{"nummer":"666.2","name":"Schulhaus Käferholz","wasserart":"Züriwasser"}},{"type":"Feature","geometry":{"type":"Point","coordinates":[8.60209,47.36275]},"properties":{"nummer":"1057.1","name":"beim Friedhof","wasserart":"Züriwasser"}},{"type":"Feature","geometry":{"type":"Point","coordinates":[8.47131,47.39849]},"properties":{"nummer":"1103","name":"Gutsbetrieb","wasserart":"Züriwasser"}},{"type":"Feature","geometry":{"type":"Point","coordinates":[8.60257,47.36232]},"properties":{"nummer":"1057.2","name":"beim Friedhof","wasserart":"Züriwasser"}},{"type":"Feature","geometry":{"type":"Point","coordinates":[8.50872,47.3731]},"properties":{"nummer":"1104","name":"Friedhof Sihlfeld","wasserart":"Züriwasser"}},{"type":"Feature","geometry":{"type":"Point","coordinates":[8.5017,47.37579]},"properties":{"nummer":"1232.1","name":"hinter Gutstrasse 212","wasserart":"Züriwasser"}},{"type":"Feature","geometry":{"type":"Point","coordinates":[8.55081,47.36635]},"properties":{"nummer":"1200","name":null,"wasserart":"Züriwasser"}},{"type":"Feature","geometry":{"type":"Point","coordinates":[8.48692,47.40809]},"properties":{"nummer":"1201.1","name":"Schulhaus Riedenhalden","wasserart":"Züriwasser"}},{"type":"Feature","geometry":{"type":"Point","coordinates":[8.50406,47.37217]},"properties":{"nummer":"1212","name":"Schulhaus Im Gut","wasserart":"Züriwasser"}},{"type":"Feature","geometry":{"type":"Point","coordinates":[8.53041,47.35952]},"properties":{"nummer":"1213","name":"Villa Schönberg","wasserart":"Züriwasser"}},{"type":"Feature","geometry":{"type":"Point","coordinates":[8.5207,47.36836]},"properties":{"nummer":"1242","name":"Heilpädagogische Hilfsschule","wasserart":"Züriwasser"}},{"type":"Feature","geometry":{"type":"Point","coordinates":[8.54026,47.41621]},"properties":{"nummer":"1247","name":"Margrit Rainerstr. 6/8, Ellen Widmanweg 20","wasserart":"Züriwasser"}},{"type":"Feature","geometry":{"type":"Point","coordinates":[8.53964,47.41525]},"properties":{"nummer":"1248","name":"Schulhaus Im Birch","wasserart":"Züriwasser"}},{"type":"Feature","geometry":{"type":"Point","coordinates":[8.52455,47.34706]},"properties":{"nummer":"527.1","name":null,"wasserart":"Züriwasser"}},{"type":"Feature","geometry":{"type":"Point","coordinates":[8.52388,47.3441]},"properties":{"nummer":"527.3","name":null,"wasserart":"Züriwasser"}},{"type":"Feature","geometry":{"type":"Point","coordinates":[8.52541,47.34507]},"properties":{"nummer":"527.2","name":null,"wasserart":"Züriwasser"}},{"type":"Feature","geometry":{"type":"Point","coordinates":[8.52385,47.34558]},"properties":{"nummer":"527.4","name":null,"wasserart":"Züriwasser"}},{"type":"Feature","geometry":{"type":"Point","coordinates":[8.57143,47.38248]},"properties":{"nummer":"606.1","name":"Friedhof Fluntern","wasserart":"Züriwasser"}},{"type":"Feature","geometry":{"type":"Point","coordinates":[8.54506,47.38932]},"properties":{"nummer":"1252","name":null,"wasserart":"Züriwasser"}},{"type":"Feature","geometry":{"type":"Point","coordinates":[8.5353,47.36967]},"properties":{"nummer":"518","name":"Schulhaus Schanzengraben","wasserart":"Züriwasser"}},{"type":"Feature","geometry":{"type":"Point","coordinates":[8.50139,47.4017]},"properties":{"nummer":"641","name":"Schulhaus Bläsi","wasserart":"Züriwasser"}},{"type":"Feature","geometry":{"type":"Point","coordinates":[8.5456,47.37807]},"properties":{"nummer":"695","name":"Bürgerasyl","wasserart":"Züriwasser"}},{"type":"Feature","geometry":{"type":"Point","coordinates":[8.56034,47.37198]},"properties":{"nummer":"922","name":"Schulhaus Bungertwies","wasserart":"Züriwasser"}},{"type":"Feature","geometry":{"type":"Point","coordinates":[8.47046,47.38615]},"properties":{"nummer":"880.1","name":"Friedhof Eichbühl","wasserart":"Züriwasser"}},{"type":"Feature","geometry":{"type":"Point","coordinates":[8.47058,47.38384]},"properties":{"nummer":"880.4","name":"Friedhof Eichbühl","wasserart":"Züriwasser"}},{"type":"Feature","geometry":{"type":"Point","coordinates":[8.47302,47.3852]},"properties":{"nummer":"880.2","name":"Friedhof Eichbühl","wasserart":"Züriwasser"}},{"type":"Feature","geometry":{"type":"Point","coordinates":[8.47338,47.38343]},"properties":{"nummer":"880.3","name":"Friedhof Eichbühl","wasserart":"Züriwasser"}},{"type":"Feature","geometry":{"type":"Point","coordinates":[8.47582,47.38274]},"properties":{"nummer":"629","name":"Friedhof Altstetten","wasserart":"Züriwasser"}},{"type":"Feature","geometry":{"type":"Point","coordinates":[8.55535,47.40653]},"properties":{"nummer":"677","name":"Schulhaus Apfelbaum","wasserart":"Züriwasser"}},{"type":"Feature","geometry":{"type":"Point","coordinates":[8.58187,47.35076]},"properties":{"nummer":"616.1","name":"Friedhof Enzenbühl","wasserart":"Züriwasser"}},{"type":"Feature","geometry":{"type":"Point","coordinates":[8.58145,47.34921]},"properties":{"nummer":"616.3","name":"Friedhof Enzenbühl","wasserart":"Züriwasser"}},{"type":"Feature","geometry":{"type":"Point","coordinates":[8.58256,47.34956]},"properties":{"nummer":"616.2","name":"Friedhof Enzenbühl","wasserart":"Züriwasser"}},{"type":"Feature","geometry":{"type":"Point","coordinates":[8.53283,47.42171]},"properties":{"nummer":"656.6","name":"Friedhof Seebach","wasserart":"Züriwasser"}},{"type":"Feature","geometry":{"type":"Point","coordinates":[8.53412,47.42275]},"properties":{"nummer":"656.2","name":"Friedhof Seebach","wasserart":"Züriwasser"}},{"type":"Feature","geometry":{"type":"Point","coordinates":[8.53399,47.42298]},"properties":{"nummer":"656.1","name":"Friedhof Seebach","wasserart":"Züriwasser"}},{"type":"Feature","geometry":{"type":"Point","coordinates":[8.53486,47.4229]},"properties":{"nummer":"656.3","name":"Friedhof Seebach","wasserart":"Züriwasser"}},{"type":"Feature","geometry":{"type":"Point","coordinates":[8.53475,47.42257]},"properties":{"nummer":"656.4","name":"Friedhof Seebach","wasserart":"Züriwasser"}},{"type":"Feature","geometry":{"type":"Point","coordinates":[8.53636,47.42154]},"properties":{"nummer":"656.5","name":"Friedhof Seebach","wasserart":"Züriwasser"}},{"type":"Feature","geometry":{"type":"Point","coordinates":[8.4925,47.40967]},"properties":{"nummer":"643","name":"Friedhof Hönggerberg","wasserart":"Züriwasser"}},{"type":"Feature","geometry":{"type":"Point","coordinates":[8.55944,47.36165]},"properties":{"nummer":"618","name":"Schulhaus Neumünsterstrasse","wasserart":"Quellwasser"}},{"type":"Feature","geometry":{"type":"Point","coordinates":[8.51282,47.37285]},"properties":{"nummer":"1105","name":null,"wasserart":"Züriwasser"}},{"type":"Feature","geometry":{"type":"Point","coordinates":[8.50482,47.39552]},"properties":{"nummer":"1268","name":"Schulhaus","wasserart":"Züriwasser"}},{"type":"Feature","geometry":{"type":"Point","coordinates":[8.53659,47.39248]},"properties":{"nummer":"1286","name":null,"wasserart":"Züriwasser"}},{"type":"Feature","geometry":{"type":"Point","coordinates":[8.60283,47.3594]},"properties":{"nummer":"1287","name":null,"wasserart":"Züriwasser"}},{"type":"Feature","geometry":{"type":"Point","coordinates":[8.54065,47.37008]},"properties":{"nummer":"1291","name":"grosses Becken","wasserart":"Quellwasser"}},{"type":"Feature","geometry":{"type":"Point","coordinates":[8.54758,47.37393]},"properties":{"nummer":"517.4","name":"Schulhaus Hirschengraben","wasserart":"Quellwasser"}},{"type":"Feature","geometry":{"type":"Point","coordinates":[8.55139,47.42577]},"properties":{"nummer":"674.1","name":"Schulhaus Kolbenacker","wasserart":"Züriwasser"}},{"type":"Feature","geometry":{"type":"Point","coordinates":[8.48277,47.38084]},"properties":{"nummer":"632.1","name":"Schulhaus Untermoos","wasserart":"Züriwasser"}},{"type":"Feature","geometry":{"type":"Point","coordinates":[8.5351,47.40735]},"properties":{"nummer":"1116.2","name":"Sportplatz","wasserart":"Züriwasser"}},{"type":"Feature","geometry":{"type":"Point","coordinates":[8.53732,47.36843]},"properties":{"nummer":"54","name":null,"wasserart":"Züriwasser"}},{"type":"Feature","geometry":{"type":"Point","coordinates":[8.51441,47.3578]},"properties":{"nummer":"203","name":"Ecke Uetlibergstrasse","wasserart":"Züriwasser"}},{"type":"Feature","geometry":{"type":"Point","coordinates":[8.52807,47.35743]},"properties":{"nummer":"132","name":null,"wasserart":"Züriwasser"}},{"type":"Feature","geometry":{"type":"Point","coordinates":[8.52797,47.39245]},"properties":{"nummer":"444","name":null,"wasserart":"Züriwasser"}},{"type":"Feature","geometry":{"type":"Point","coordinates":[8.53284,47.3982]},"properties":{"nummer":"302","name":null,"wasserart":"Züriwasser"}},{"type":"Feature","geometry":{"type":"Point","coordinates":[8.53401,47.37582]},"properties":{"nummer":"221","name":null,"wasserart":"Züriwasser"}},{"type":"Feature","geometry":{"type":"Point","coordinates":[8.5334,47.37309]},"properties":{"nummer":"66","name":null,"wasserart":"Quellwasser"}},{"type":"Feature","geometry":{"type":"Point","coordinates":[8.52583,47.373]},"properties":{"nummer":"220","name":null,"wasserart":"Quellwasser"}},{"type":"Feature","geometry":{"type":"Point","coordinates":[8.52341,47.37225]},"properties":{"nummer":"187","name":null,"wasserart":"Quellwasser"}},{"type":"Feature","geometry":{"type":"Point","coordinates":[8.52593,47.37197]},"properties":{"nummer":"218","name":null,"wasserart":"Quellwasser"}},{"type":"Feature","geometry":{"type":"Point","coordinates":[8.5254,47.37436]},"properties":{"nummer":"228","name":null,"wasserart":"Quellwasser"}},{"type":"Feature","geometry":{"type":"Point","coordinates":[8.5233,47.37838]},"properties":{"nummer":"213","name":"Bäckeranlage","wasserart":"Quellwasser"}},{"type":"Feature","geometry":{"type":"Point","coordinates":[8.48343,47.3906]},"properties":{"nummer":"430","name":"Badener-Hohlstrasse","wasserart":"Züriwasser"}},{"type":"Feature","geometry":{"type":"Point","coordinates":[8.48419,47.37531]},"properties":{"nummer":"416","name":null,"wasserart":"Quellwasser"}},{"type":"Feature","geometry":{"type":"Point","coordinates":[8.48452,47.37428]},"properties":{"nummer":"431","name":"Tramstation","wasserart":"Züriwasser"}},{"type":"Feature","geometry":{"type":"Point","coordinates":[8.4821,47.37406]},"properties":{"nummer":"414","name":null,"wasserart":"Quellwasser"}},{"type":"Feature","geometry":{"type":"Point","coordinates":[8.46971,47.37072]},"properties":{"nummer":"425","name":"Waldegg","wasserart":"Züriwasser"}},{"type":"Feature","geometry":{"type":"Point","coordinates":[8.49084,47.34873]},"properties":{"nummer":"186","name":"beim Kindlistein","wasserart":"Züriwasser"}},{"type":"Feature","geometry":{"type":"Point","coordinates":[8.51214,47.42796]},"properties":{"nummer":"1151","name":"beim Katzenbach","wasserart":"Züriwasser"}},{"type":"Feature","geometry":{"type":"Point","coordinates":[8.57362,47.398]},"properties":{"nummer":"505","name":"bei ex-Waldhütte","wasserart":"Züriwasser"}},{"type":"Feature","geometry":{"type":"Point","coordinates":[8.57472,47.40348]},"properties":{"nummer":"504","name":"bei der Kirche","wasserart":"Züriwasser"}},{"type":"Feature","geometry":{"type":"Point","coordinates":[8.57339,47.40376]},"properties":{"nummer":"494","name":null,"wasserart":"Quellwasser"}},{"type":"Feature","geometry":{"type":"Point","coordinates":[8.57194,47.40402]},"properties":{"nummer":"493","name":null,"wasserart":"Quellwasser"}},{"type":"Feature","geometry":{"type":"Point","coordinates":[8.57317,47.40633]},"properties":{"nummer":"1152","name":"vor Altersheim Herzogenmühle","wasserart":"Züriwasser"}},{"type":"Feature","geometry":{"type":"Point","coordinates":[8.55555,47.40441]},"properties":{"nummer":"485","name":null,"wasserart":"Züriwasser"}},{"type":"Feature","geometry":{"type":"Point","coordinates":[8.54677,47.40722]},"properties":{"nummer":"1145","name":"Kreisgebäude","wasserart":"Quellwasser"}},{"type":"Feature","geometry":{"type":"Point","coordinates":[8.50879,47.4247]},"properties":{"nummer":"481","name":null,"wasserart":"Züriwasser"}},{"type":"Feature","geometry":{"type":"Point","coordinates":[8.5468,47.40828]},"properties":{"nummer":"474","name":null,"wasserart":"Züriwasser"}},{"type":"Feature","geometry":{"type":"Point","coordinates":[8.50182,47.42101]},"properties":{"nummer":"491","name":null,"wasserart":"Züriwasser"}},{"type":"Feature","geometry":{"type":"Point","coordinates":[8.48933,47.40238]},"properties":{"nummer":"445","name":null,"wasserart":"Züriwasser"}},{"type":"Feature","geometry":{"type":"Point","coordinates":[8.50381,47.4053]},"properties":{"nummer":"450","name":null,"wasserart":"Züriwasser"}},{"type":"Feature","geometry":{"type":"Point","coordinates":[8.49946,47.40216]},"properties":{"nummer":"454","name":null,"wasserart":"Züriwasser"}},{"type":"Feature","geometry":{"type":"Point","coordinates":[8.49993,47.40282]},"properties":{"nummer":"465","name":null,"wasserart":"Züriwasser"}},{"type":"Feature","geometry":{"type":"Point","coordinates":[8.51817,47.39847]},"properties":{"nummer":"467","name":null,"wasserart":"Züriwasser"}},{"type":"Feature","geometry":{"type":"Point","coordinates":[8.53073,47.40769]},"properties":{"nummer":"488","name":null,"wasserart":"Züriwasser"}},{"type":"Feature","geometry":{"type":"Point","coordinates":[8.54181,47.42912]},"properties":{"nummer":"1067","name":"Asphofbrunnen","wasserart":"Züriwasser"}},{"type":"Feature","geometry":{"type":"Point","coordinates":[8.58591,47.40026]},"properties":{"nummer":"500","name":null,"wasserart":"Quellwasser"}},{"type":"Feature","geometry":{"type":"Point","coordinates":[8.49486,47.40929]},"properties":{"nummer":"1091","name":"bei Sportplatz","wasserart":"Züriwasser"}},{"type":"Feature","geometry":{"type":"Point","coordinates":[8.50709,47.41914]},"properties":{"nummer":"490","name":null,"wasserart":"Züriwasser"}},{"type":"Feature","geometry":{"type":"Point","coordinates":[8.54053,47.39378]},"properties":{"nummer":"291","name":null,"wasserart":"Züriwasser"}},{"type":"Feature","geometry":{"type":"Point","coordinates":[8.50889,47.38195]},"properties":{"nummer":"6088","name":null,"wasserart":"Quellwasser"}},{"type":"Feature","geometry":{"type":"Point","coordinates":[8.54334,47.39997]},"properties":{"nummer":"262","name":null,"wasserart":"Züriwasser"}},{"type":"Feature","geometry":{"type":"Point","coordinates":[8.5609,47.38642]},"properties":{"nummer":"361","name":null,"wasserart":"Züriwasser"}},{"type":"Feature","geometry":{"type":"Point","coordinates":[8.54115,47.38711]},"properties":{"nummer":"274","name":null,"wasserart":"Quellwasser"}},{"type":"Feature","geometry":{"type":"Point","coordinates":[8.55148,47.38654]},"properties":{"nummer":"295","name":null,"wasserart":"Züriwasser"}},{"type":"Feature","geometry":{"type":"Point","coordinates":[8.54707,47.37933]},"properties":{"nummer":"299","name":null,"wasserart":"Quellwasser"}},{"type":"Feature","geometry":{"type":"Point","coordinates":[8.53965,47.38587]},"properties":{"nummer":"267","name":null,"wasserart":"Quellwasser"}},{"type":"Feature","geometry":{"type":"Point","coordinates":[8.5451,47.38339]},"properties":{"nummer":"1131","name":null,"wasserart":"Züriwasser"}},{"type":"Feature","geometry":{"type":"Point","coordinates":[8.54476,47.38221]},"properties":{"nummer":"265","name":null,"wasserart":"Quellwasser"}},{"type":"Feature","geometry":{"type":"Point","coordinates":[8.5462,47.37913]},"properties":{"nummer":"268","name":null,"wasserart":"Züriwasser"}},{"type":"Feature","geometry":{"type":"Point","coordinates":[8.54218,47.37716]},"properties":{"nummer":"68","name":"Berliner-Brunnen","wasserart":"Züriwasser"}},{"type":"Feature","geometry":{"type":"Point","coordinates":[8.55202,47.38224]},"properties":{"nummer":"294","name":null,"wasserart":"Züriwasser"}},{"type":"Feature","geometry":{"type":"Point","coordinates":[8.56624,47.3725]},"properties":{"nummer":"332","name":null,"wasserart":"Quellwasser"}},{"type":"Feature","geometry":{"type":"Point","coordinates":[8.57565,47.37866]},"properties":{"nummer":"335","name":null,"wasserart":"Züriwasser"}},{"type":"Feature","geometry":{"type":"Point","coordinates":[8.55327,47.37346]},"properties":{"nummer":"328","name":"im Oberhof","wasserart":"Quellwasser"}},{"type":"Feature","geometry":{"type":"Point","coordinates":[8.55203,47.37468]},"properties":{"nummer":"355","name":null,"wasserart":"Quellwasser"}},{"type":"Feature","geometry":{"type":"Point","coordinates":[8.55957,47.37707]},"properties":{"nummer":"351","name":null,"wasserart":"Quellwasser"}},{"type":"Feature","geometry":{"type":"Point","coordinates":[8.5417,47.37323]},"properties":{"nummer":"34","name":"hintere Schipfe","wasserart":"Quellwasser"}},{"type":"Feature","geometry":{"type":"Point","coordinates":[8.54166,47.37216]},"properties":{"nummer":"33","name":null,"wasserart":"Quellwasser"}},{"type":"Feature","geometry":{"type":"Point","coordinates":[8.54124,47.37223]},"properties":{"nummer":"69","name":"Schipfe","wasserart":"Quellwasser"}},{"type":"Feature","geometry":{"type":"Point","coordinates":[8.51715,47.36127]},"properties":{"nummer":"201","name":null,"wasserart":"Züriwasser"}},{"type":"Feature","geometry":{"type":"Point","coordinates":[8.53137,47.36061]},"properties":{"nummer":"134","name":"Schulhausstrasse","wasserart":"Züriwasser"}},{"type":"Feature","geometry":{"type":"Point","coordinates":[8.57472,47.35665]},"properties":{"nummer":"1007","name":"Pfadiweg","wasserart":"Quellwasser"}},{"type":"Feature","geometry":{"type":"Point","coordinates":[8.53222,47.36355]},"properties":{"nummer":"1027","name":"Venedigbrunnen","wasserart":"Quellwasser"}},{"type":"Feature","geometry":{"type":"Point","coordinates":[8.53089,47.36248]},"properties":{"nummer":"131","name":null,"wasserart":"Züriwasser"}},{"type":"Feature","geometry":{"type":"Point","coordinates":[8.53044,47.35186]},"properties":{"nummer":"123","name":null,"wasserart":"Züriwasser"}},{"type":"Feature","geometry":{"type":"Point","coordinates":[8.53445,47.34896]},"properties":{"nummer":"145","name":"Mädchen im Wind","wasserart":"Züriwasser"}},{"type":"Feature","geometry":{"type":"Point","coordinates":[8.53275,47.3409]},"properties":{"nummer":"152","name":"Kirche Wollishofen","wasserart":"Züriwasser"}},{"type":"Feature","geometry":{"type":"Point","coordinates":[8.53519,47.34367]},"properties":{"nummer":"149","name":"Bahnunterführung Wollishofen","wasserart":"Züriwasser"}},{"type":"Feature","geometry":{"type":"Point","coordinates":[8.5626,47.37775]},"properties":{"nummer":"326","name":null,"wasserart":"Züriwasser"}},{"type":"Feature","geometry":{"type":"Point","coordinates":[8.58395,47.36893]},"properties":{"nummer":"822","name":"Steinbrunnen","wasserart":"Quellwasser"}},{"type":"Feature","geometry":{"type":"Point","coordinates":[8.53981,47.38721]},"properties":{"nummer":"289","name":"Anlage","wasserart":"Quellwasser"}},{"type":"Feature","geometry":{"type":"Point","coordinates":[8.54493,47.37821]},"properties":{"nummer":"24","name":null,"wasserart":"Quellwasser"}},{"type":"Feature","geometry":{"type":"Point","coordinates":[8.47815,47.38967]},"properties":{"nummer":"421","name":null,"wasserart":"Züriwasser"}},{"type":"Feature","geometry":{"type":"Point","coordinates":[8.50521,47.32385]},"properties":{"nummer":"1194","name":"Risweg bei 112","wasserart":"Züriwasser"}},{"type":"Feature","geometry":{"type":"Point","coordinates":[8.53227,47.33841]},"properties":{"nummer":"158","name":"Honeggerweg","wasserart":"Züriwasser"}},{"type":"Feature","geometry":{"type":"Point","coordinates":[8.5176,47.34186]},"properties":{"nummer":"153","name":"Höcklerbrücke","wasserart":"Züriwasser"}},{"type":"Feature","geometry":{"type":"Point","coordinates":[8.54133,47.38837]},"properties":{"nummer":"261","name":null,"wasserart":"Quellwasser"}},{"type":"Feature","geometry":{"type":"Point","coordinates":[8.54906,47.38985]},"properties":{"nummer":"1078","name":"vor Frohburgstrasse 57","wasserart":"Züriwasser"}},{"type":"Feature","geometry":{"type":"Point","coordinates":[8.54573,47.37519]},"properties":{"nummer":"51","name":"bei der Schienhutgasse","wasserart":"Züriwasser"}},{"type":"Feature","geometry":{"type":"Point","coordinates":[8.51869,47.37454]},"properties":{"nummer":"197","name":null,"wasserart":"Züriwasser"}},{"type":"Feature","geometry":{"type":"Point","coordinates":[8.52041,47.35098]},"properties":{"nummer":"127","name":"Dragonerbrunnen","wasserart":"Züriwasser"}},{"type":"Feature","geometry":{"type":"Point","coordinates":[8.54377,47.40983]},"properties":{"nummer":"1228","name":null,"wasserart":"Züriwasser"}},{"type":"Feature","geometry":{"type":"Point","coordinates":[8.56814,47.38634]},"properties":{"nummer":"511","name":"beim Leuchturm Escherhöhe","wasserart":"Züriwasser"}},{"type":"Feature","geometry":{"type":"Point","coordinates":[8.52492,47.33526]},"properties":{"nummer":"141","name":null,"wasserart":"Züriwasser"}},{"type":"Feature","geometry":{"type":"Point","coordinates":[8.5393,47.36919]},"properties":{"nummer":"17","name":null,"wasserart":"Züriwasser"}},{"type":"Feature","geometry":{"type":"Point","coordinates":[8.55918,47.36942]},"properties":{"nummer":"331","name":null,"wasserart":"Quellwasser"}},{"type":"Feature","geometry":{"type":"Point","coordinates":[8.50506,47.3995]},"properties":{"nummer":"446","name":"Limmattalstrasse nach 111","wasserart":"Züriwasser"}},{"type":"Feature","geometry":{"type":"Point","coordinates":[8.5408,47.37528]},"properties":{"nummer":"47","name":"Felix und Regulabrunnen","wasserart":"Züriwasser"}},{"type":"Feature","geometry":{"type":"Point","coordinates":[8.54306,47.3699]},"properties":{"nummer":"63","name":"beim Helmhaus","wasserart":"Züriwasser"}},{"type":"Feature","geometry":{"type":"Point","coordinates":[8.48418,47.40443]},"properties":{"nummer":"849","name":"Pflegezentrum Bombach","wasserart":"Züriwasser"}},{"type":"Feature","geometry":{"type":"Point","coordinates":[8.52706,47.37832]},"properties":{"nummer":"219","name":null,"wasserart":"Züriwasser"}},{"type":"Feature","geometry":{"type":"Point","coordinates":[8.52103,47.37439]},"properties":{"nummer":"212","name":null,"wasserart":"Züriwasser"}},{"type":"Feature","geometry":{"type":"Point","coordinates":[8.52231,47.3904]},"properties":{"nummer":"1276","name":"Süd","wasserart":"Quellwasser"}},{"type":"Feature","geometry":{"type":"Point","coordinates":[8.55868,47.41322]},"properties":{"nummer":"1080","name":"Andreaspark","wasserart":"Züriwasser"}},{"type":"Feature","geometry":{"type":"Point","coordinates":[8.51588,47.37934]},"properties":{"nummer":"227","name":"Obelisk","wasserart":"Quellwasser"}},{"type":"Feature","geometry":{"type":"Point","coordinates":[8.52271,47.39091]},"properties":{"nummer":"1275","name":"Nord","wasserart":"Züriwasser"}},{"type":"Feature","geometry":{"type":"Point","coordinates":[8.52214,47.36264]},"properties":{"nummer":"184","name":null,"wasserart":"Züriwasser"}},{"type":"Feature","geometry":{"type":"Point","coordinates":[8.58909,47.40317]},"properties":{"nummer":"1282","name":null,"wasserart":"Züriwasser"}},{"type":"Feature","geometry":{"type":"Point","coordinates":[8.51233,47.38726]},"properties":{"nummer":"1289","name":null,"wasserart":"Züriwasser"}},{"type":"Feature","geometry":{"type":"Point","coordinates":[8.5406,47.37008]},"properties":{"nummer":"1292","name":"Trinkbrunnen","wasserart":"Quellwasser"}},{"type":"Feature","geometry":{"type":"Point","coordinates":[8.53921,47.36973]},"properties":{"nummer":"1296","name":null,"wasserart":"Züriwasser"}},{"type":"Feature","geometry":{"type":"Point","coordinates":[8.54356,47.41231]},"properties":{"nummer":"1295","name":null,"wasserart":"Züriwasser"}},{"type":"Feature","geometry":{"type":"Point","coordinates":[8.59251,47.40275]},"properties":{"nummer":"984","name":"Sportanlage Heerenschürli","wasserart":"Züriwasser"}},{"type":"Feature","geometry":{"type":"Point","coordinates":[8.47618,47.39011]},"properties":{"nummer":"765","name":null,"wasserart":"Züriwasser"}},{"type":"Feature","geometry":{"type":"Point","coordinates":[8.5239,47.38894]},"properties":{"nummer":"1305","name":null,"wasserart":"Züriwasser"}},{"type":"Feature","geometry":{"type":"Point","coordinates":[8.53519,47.37835]},"properties":{"nummer":"1300","name":null,"wasserart":"Quellwasser"}},{"type":"Feature","geometry":{"type":"Point","coordinates":[8.53322,47.37869]},"properties":{"nummer":"1301","name":null,"wasserart":"Quellwasser"}},{"type":"Feature","geometry":{"type":"Point","coordinates":[8.53243,47.37899]},"properties":{"nummer":"1302","name":null,"wasserart":"Quellwasser"}},{"type":"Feature","geometry":{"type":"Point","coordinates":[8.51316,47.41636]},"properties":{"nummer":"1140","name":"Einfangpark","wasserart":"Züriwasser"}},{"type":"Feature","geometry":{"type":"Point","coordinates":[8.53662,47.42598]},"properties":{"nummer":"1312","name":null,"wasserart":"Züriwasser"}},{"type":"Feature","geometry":{"type":"Point","coordinates":[8.48774,47.3522]},"properties":{"nummer":"1021","name":null,"wasserart":"Züriwasser"}},{"type":"Feature","geometry":{"type":"Point","coordinates":[8.50755,47.39528]},"properties":{"nummer":"1309","name":"Park am Wasser","wasserart":"Quellwasser"}},{"type":"Feature","geometry":{"type":"Point","coordinates":[8.49785,47.3883]},"properties":{"nummer":"1311","name":"Letziturm","wasserart":"Züriwasser"}},{"type":"Feature","geometry":{"type":"Point","coordinates":[8.52006,47.41804]},"properties":{"nummer":"1315","name":"Hürstwiese","wasserart":"Züriwasser"}},{"type":"Feature","geometry":{"type":"Point","coordinates":[8.53443,47.40253]},"properties":{"nummer":"1314","name":"Areal Guggach","wasserart":"Züriwasser"}},{"type":"Feature","geometry":{"type":"Point","coordinates":[8.55377,47.36082]},"properties":{"nummer":"372","name":null,"wasserart":"Quellwasser"}},{"type":"Feature","geometry":{"type":"Point","coordinates":[8.54843,47.42853]},"properties":{"nummer":"1189","name":"Sportanlage Eichrain","wasserart":"Züriwasser"}},{"type":"Feature","geometry":{"type":"Point","coordinates":[8.49454,47.37854]},"properties":{"nummer":"1306","name":null,"wasserart":"Quellwasser"}},{"type":"Feature","geometry":{"type":"Point","coordinates":[8.52146,47.36532]},"properties":{"nummer":"177","name":null,"wasserart":"Quellwasser"}},{"type":"Feature","geometry":{"type":"Point","coordinates":[8.53078,47.42948]},"properties":{"nummer":"1061","name":"Im Wald","wasserart":"Züriwasser"}},{"type":"Feature","geometry":{"type":"Point","coordinates":[8.56612,47.36481]},"properties":{"nummer":"319","name":"Klusplatz","wasserart":"Quellwasser"}},{"type":"Feature","geometry":{"type":"Point","coordinates":[8.52779,47.3499]},"properties":{"nummer":"154","name":null,"wasserart":"Quellwasser"}},{"type":"Feature","geometry":{"type":"Point","coordinates":[8.57087,47.35214]},"properties":{"nummer":"1313","name":"Eingang Kinderspital","wasserart":"Züriwasser"}},{"type":"Feature","geometry":{"type":"Point","coordinates":[8.4946,47.38152]},"properties":{"nummer":"1323","name":"Quartierpark Koch-Areal","wasserart":"Züriwasser"}},{"type":"Feature","geometry":{"type":"Point","coordinates":[8.51068,47.36797]},"properties":{"nummer":"206","name":null,"wasserart":"Züriwasser"}},{"type":"Feature","geometry":{"type":"Point","coordinates":[8.54448,47.3717]},"properties":{"nummer":"8","name":"Napfplatz","wasserart":"Quellwasser"}},{"type":"Feature","geometry":{"type":"Point","coordinates":[8.55546,47.35655]},"properties":{"nummer":"402","name":"Anlage","wasserart":"Quellwasser"}},{"type":"Feature","geometry":{"type":"Point","coordinates":[8.55594,47.4171]},"properties":{"nummer":"1265","name":"Trinkbrunnen Leutschenpark","wasserart":"Quellwasser"}},{"type":"Feature","geometry":{"type":"Point","coordinates":[8.5724,47.3528]},"properties":{"nummer":"1317","name":"Kinderspital/Forschungszentrum","wasserart":"Züriwasser"}},{"type":"Feature","geometry":{"type":"Point","coordinates":[8.56336,47.41019]},"properties":{"nummer":"501","name":"im Grünzug","wasserart":"Züriwasser"}}]}
